defect_id,gq_corridor,ohe_sector_id,defect_type,urgency_level,required_block_hours,logged_timestamp
TDM-DH-3001,Delhi-Howrah,OHE-DH-136,Neutral Section Inspection,MEDIUM,3.0,2026-10-04 16:00:00
TDM-HC-3002,Howrah-Chennai,OHE-HC-163,Insulator Flashover,MEDIUM,1.5,2026-10-07 21:00:00
TDM-MC-3003,Mumbai-Chennai,OHE-MC-101,Neutral Section Inspection,MEDIUM,3.0,2026-10-04 18:00:00
TDM-HC-3004,Howrah-Chennai,OHE-HC-151,Neutral Section Inspection,MEDIUM,1.5,2026-10-06 12:00:00
TDM-MC-3005,Mumbai-Chennai,OHE-MC-164,Insulator Flashover,MEDIUM,3.0,2026-10-01 15:00:00
TDM-DH-3006,Delhi-Howrah,OHE-DH-160,Cantilever Adjustment,MEDIUM,2.0,2026-10-07 21:00:00
TDM-DH-3007,Delhi-Howrah,OHE-DH-176,Cantilever Adjustment,MEDIUM,2.0,2026-10-04 19:00:00
TDM-DM-3008,Delhi-Mumbai,OHE-DM-170,OHE Wire Sagging,CRITICAL,3.0,2026-10-06 17:00:00
TDM-DH-3009,Delhi-Howrah,OHE-DH-190,Insulator Flashover,MEDIUM,2.0,2026-10-05 00:00:00
TDM-DH-3010,Delhi-Howrah,OHE-DH-126,Neutral Section Inspection,MEDIUM,2.0,2026-10-01 21:00:00
TDM-HC-3011,Howrah-Chennai,OHE-HC-116,Insulator Flashover,MEDIUM,2.0,2026-10-03 05:00:00
TDM-HC-3012,Howrah-Chennai,OHE-HC-180,Insulator Flashover,MEDIUM,2.0,2026-10-07 11:00:00
TDM-DH-3013,Delhi-Howrah,OHE-DH-127,Cantilever Adjustment,MEDIUM,3.0,2026-10-03 20:00:00
TDM-HC-3014,Howrah-Chennai,OHE-HC-146,Cantilever Adjustment,MEDIUM,3.0,2026-10-01 14:00:00
TDM-DM-3015,Delhi-Mumbai,OHE-DM-171,OHE Wire Sagging,CRITICAL,1.5,2026-10-02 03:00:00
TDM-MC-3016,Mumbai-Chennai,OHE-MC-163,Neutral Section Inspection,MEDIUM,1.5,2026-10-02 02:00:00
TDM-MC-3017,Mumbai-Chennai,OHE-MC-146,Cantilever Adjustment,MEDIUM,2.0,2026-10-05 03:00:00
TDM-MC-3018,Mumbai-Chennai,OHE-MC-115,Insulator Flashover,MEDIUM,2.0,2026-10-07 00:00:00
TDM-DM-3019,Delhi-Mumbai,OHE-DM-180,OHE Wire Sagging,CRITICAL,3.0,2026-10-05 19:00:00
TDM-DH-3020,Delhi-Howrah,OHE-DH-186,Insulator Flashover,MEDIUM,3.0,2026-10-05 03:00:00
TDM-MC-3021,Mumbai-Chennai,OHE-MC-128,Cantilever Adjustment,MEDIUM,1.5,2026-10-07 21:00:00
TDM-DH-3022,Delhi-Howrah,OHE-DH-197,Insulator Flashover,MEDIUM,2.0,2026-10-05 01:00:00
TDM-MC-3023,Mumbai-Chennai,OHE-MC-190,Insulator Flashover,MEDIUM,2.0,2026-10-03 07:00:00
TDM-HC-3024,Howrah-Chennai,OHE-HC-193,Neutral Section Inspection,MEDIUM,2.0,2026-10-06 21:00:00
TDM-DH-3025,Delhi-Howrah,OHE-DH-127,Insulator Flashover,MEDIUM,2.0,2026-10-04 00:00:00
TDM-DM-3026,Delhi-Mumbai,OHE-DM-173,OHE Wire Sagging,CRITICAL,3.0,2026-10-06 15:00:00
TDM-HC-3027,Howrah-Chennai,OHE-HC-142,Cantilever Adjustment,MEDIUM,1.5,2026-10-06 11:00:00
TDM-HC-3028,Howrah-Chennai,OHE-HC-158,Cantilever Adjustment,MEDIUM,2.0,2026-10-04 00:00:00
TDM-DH-3029,Delhi-Howrah,OHE-DH-182,Cantilever Adjustment,MEDIUM,3.0,2026-10-07 12:00:00
TDM-DM-3030,Delhi-Mumbai,OHE-DM-120,OHE Wire Sagging,CRITICAL,3.0,2026-10-05 22:00:00
TDM-MC-3031,Mumbai-Chennai,OHE-MC-165,Insulator Flashover,MEDIUM,2.0,2026-10-06 15:00:00
TDM-DM-3032,Delhi-Mumbai,OHE-DM-194,OHE Wire Sagging,CRITICAL,1.5,2026-10-01 09:00:00
TDM-DH-3033,Delhi-Howrah,OHE-DH-175,Neutral Section Inspection,MEDIUM,1.5,2026-10-03 03:00:00
TDM-DH-3034,Delhi-Howrah,OHE-DH-165,Insulator Flashover,MEDIUM,1.5,2026-10-02 17:00:00
TDM-MC-3035,Mumbai-Chennai,OHE-MC-181,Neutral Section Inspection,MEDIUM,1.5,2026-10-07 06:00:00
TDM-HC-3036,Howrah-Chennai,OHE-HC-198,Insulator Flashover,MEDIUM,2.0,2026-10-04 13:00:00
TDM-DH-3037,Delhi-Howrah,OHE-DH-168,Neutral Section Inspection,MEDIUM,2.0,2026-10-07 03:00:00
TDM-DH-3038,Delhi-Howrah,OHE-DH-182,Neutral Section Inspection,MEDIUM,3.0,2026-10-02 23:00:00
TDM-DH-3039,Delhi-Howrah,OHE-DH-187,Cantilever Adjustment,MEDIUM,3.0,2026-10-02 21:00:00
TDM-HC-3040,Howrah-Chennai,OHE-HC-149,Neutral Section Inspection,MEDIUM,3.0,2026-10-05 11:00:00
TDM-MC-3041,Mumbai-Chennai,OHE-MC-102,Neutral Section Inspection,MEDIUM,3.0,2026-10-07 22:00:00
TDM-MC-3042,Mumbai-Chennai,OHE-MC-136,Cantilever Adjustment,MEDIUM,1.5,2026-10-04 11:00:00
TDM-DM-3043,Delhi-Mumbai,OHE-DM-160,OHE Wire Sagging,CRITICAL,1.5,2026-10-05 22:00:00
TDM-DH-3044,Delhi-Howrah,OHE-DH-136,Cantilever Adjustment,MEDIUM,1.5,2026-10-04 14:00:00
TDM-DH-3045,Delhi-Howrah,OHE-DH-165,Neutral Section Inspection,MEDIUM,1.5,2026-10-03 09:00:00
TDM-DH-3046,Delhi-Howrah,OHE-DH-153,Neutral Section Inspection,MEDIUM,2.0,2026-10-04 02:00:00
TDM-MC-3047,Mumbai-Chennai,OHE-MC-182,Insulator Flashover,MEDIUM,2.0,2026-10-07 08:00:00
TDM-DH-3048,Delhi-Howrah,OHE-DH-121,Cantilever Adjustment,MEDIUM,1.5,2026-10-03 02:00:00
TDM-HC-3049,Howrah-Chennai,OHE-HC-139,Neutral Section Inspection,MEDIUM,1.5,2026-10-05 00:00:00
TDM-DM-3050,Delhi-Mumbai,OHE-DM-117,OHE Wire Sagging,CRITICAL,3.0,2026-10-07 21:00:00
TDM-HC-3051,Howrah-Chennai,OHE-HC-195,Insulator Flashover,MEDIUM,3.0,2026-10-05 11:00:00
TDM-DH-3052,Delhi-Howrah,OHE-DH-114,Cantilever Adjustment,MEDIUM,3.0,2026-10-05 09:00:00
TDM-DH-3053,Delhi-Howrah,OHE-DH-158,Neutral Section Inspection,MEDIUM,1.5,2026-10-01 08:00:00
TDM-HC-3054,Howrah-Chennai,OHE-HC-183,Insulator Flashover,MEDIUM,3.0,2026-10-04 16:00:00
TDM-MC-3055,Mumbai-Chennai,OHE-MC-107,Insulator Flashover,MEDIUM,1.5,2026-10-01 18:00:00
TDM-HC-3056,Howrah-Chennai,OHE-HC-181,Insulator Flashover,MEDIUM,1.5,2026-10-02 14:00:00
TDM-DH-3057,Delhi-Howrah,OHE-DH-181,Neutral Section Inspection,MEDIUM,3.0,2026-10-05 16:00:00
TDM-DM-3058,Delhi-Mumbai,OHE-DM-149,OHE Wire Sagging,CRITICAL,1.5,2026-10-05 10:00:00
TDM-DH-3059,Delhi-Howrah,OHE-DH-162,Insulator Flashover,MEDIUM,3.0,2026-10-06 11:00:00
TDM-DH-3060,Delhi-Howrah,OHE-DH-125,Cantilever Adjustment,MEDIUM,1.5,2026-10-06 06:00:00
TDM-DH-3061,Delhi-Howrah,OHE-DH-179,Insulator Flashover,MEDIUM,2.0,2026-10-04 16:00:00
TDM-DH-3062,Delhi-Howrah,OHE-DH-149,Insulator Flashover,MEDIUM,3.0,2026-10-04 09:00:00
TDM-DH-3063,Delhi-Howrah,OHE-DH-162,Neutral Section Inspection,MEDIUM,1.5,2026-10-05 12:00:00
TDM-DM-3064,Delhi-Mumbai,OHE-DM-182,OHE Wire Sagging,CRITICAL,3.0,2026-10-02 02:00:00
TDM-DH-3065,Delhi-Howrah,OHE-DH-157,Insulator Flashover,MEDIUM,1.5,2026-10-06 05:00:00
TDM-DH-3066,Delhi-Howrah,OHE-DH-192,Insulator Flashover,MEDIUM,1.5,2026-10-01 14:00:00
TDM-MC-3067,Mumbai-Chennai,OHE-MC-105,Cantilever Adjustment,MEDIUM,1.5,2026-10-07 21:00:00
TDM-DM-3068,Delhi-Mumbai,OHE-DM-109,OHE Wire Sagging,CRITICAL,1.5,2026-10-02 15:00:00
TDM-DH-3069,Delhi-Howrah,OHE-DH-130,Neutral Section Inspection,MEDIUM,1.5,2026-10-02 11:00:00
TDM-HC-3070,Howrah-Chennai,OHE-HC-157,Cantilever Adjustment,MEDIUM,1.5,2026-10-06 23:00:00
TDM-DH-3071,Delhi-Howrah,OHE-DH-162,Cantilever Adjustment,MEDIUM,2.0,2026-10-04 02:00:00
TDM-DM-3072,Delhi-Mumbai,OHE-DM-151,OHE Wire Sagging,CRITICAL,1.5,2026-10-03 02:00:00
TDM-HC-3073,Howrah-Chennai,OHE-HC-187,Neutral Section Inspection,MEDIUM,1.5,2026-10-02 23:00:00
TDM-MC-3074,Mumbai-Chennai,OHE-MC-147,Neutral Section Inspection,MEDIUM,3.0,2026-10-04 11:00:00
TDM-DH-3075,Delhi-Howrah,OHE-DH-158,Insulator Flashover,MEDIUM,1.5,2026-10-04 08:00:00
TDM-MC-3076,Mumbai-Chennai,OHE-MC-189,Neutral Section Inspection,MEDIUM,2.0,2026-10-02 12:00:00
TDM-HC-3077,Howrah-Chennai,OHE-HC-170,Neutral Section Inspection,MEDIUM,2.0,2026-10-04 01:00:00
TDM-DM-3078,Delhi-Mumbai,OHE-DM-103,OHE Wire Sagging,CRITICAL,2.0,2026-10-06 12:00:00
TDM-MC-3079,Mumbai-Chennai,OHE-MC-170,Insulator Flashover,MEDIUM,2.0,2026-10-03 07:00:00
TDM-DH-3080,Delhi-Howrah,OHE-DH-166,Insulator Flashover,MEDIUM,1.5,2026-10-05 08:00:00
TDM-DH-3081,Delhi-Howrah,OHE-DH-185,Cantilever Adjustment,MEDIUM,2.0,2026-10-03 04:00:00
TDM-MC-3082,Mumbai-Chennai,OHE-MC-153,Cantilever Adjustment,MEDIUM,1.5,2026-10-06 00:00:00
TDM-HC-3083,Howrah-Chennai,OHE-HC-130,Neutral Section Inspection,MEDIUM,2.0,2026-10-03 15:00:00
TDM-HC-3084,Howrah-Chennai,OHE-HC-120,Insulator Flashover,MEDIUM,2.0,2026-10-02 01:00:00
TDM-DM-3085,Delhi-Mumbai,OHE-DM-175,OHE Wire Sagging,CRITICAL,2.0,2026-10-04 06:00:00
TDM-HC-3086,Howrah-Chennai,OHE-HC-127,Neutral Section Inspection,MEDIUM,1.5,2026-10-02 08:00:00
TDM-HC-3087,Howrah-Chennai,OHE-HC-183,Cantilever Adjustment,MEDIUM,2.0,2026-10-07 19:00:00
TDM-HC-3088,Howrah-Chennai,OHE-HC-133,Insulator Flashover,MEDIUM,2.0,2026-10-05 07:00:00
TDM-HC-3089,Howrah-Chennai,OHE-HC-107,Neutral Section Inspection,MEDIUM,2.0,2026-10-01 18:00:00
TDM-MC-3090,Mumbai-Chennai,OHE-MC-192,Insulator Flashover,MEDIUM,1.5,2026-10-02 08:00:00
TDM-DM-3091,Delhi-Mumbai,OHE-DM-122,OHE Wire Sagging,CRITICAL,2.0,2026-10-07 18:00:00
TDM-DM-3092,Delhi-Mumbai,OHE-DM-123,OHE Wire Sagging,CRITICAL,1.5,2026-10-02 00:00:00
TDM-DH-3093,Delhi-Howrah,OHE-DH-130,Insulator Flashover,MEDIUM,3.0,2026-10-02 21:00:00
TDM-DM-3094,Delhi-Mumbai,OHE-DM-126,OHE Wire Sagging,CRITICAL,2.0,2026-10-08 04:00:00
TDM-DH-3095,Delhi-Howrah,OHE-DH-106,Insulator Flashover,MEDIUM,3.0,2026-10-08 04:00:00
TDM-DH-3096,Delhi-Howrah,OHE-DH-127,Cantilever Adjustment,MEDIUM,2.0,2026-10-04 08:00:00
TDM-DM-3097,Delhi-Mumbai,OHE-DM-162,OHE Wire Sagging,CRITICAL,1.5,2026-10-04 04:00:00
TDM-DH-3098,Delhi-Howrah,OHE-DH-106,Cantilever Adjustment,MEDIUM,2.0,2026-10-07 02:00:00
TDM-HC-3099,Howrah-Chennai,OHE-HC-122,Cantilever Adjustment,MEDIUM,3.0,2026-10-05 14:00:00
TDM-DH-3100,Delhi-Howrah,OHE-DH-113,Insulator Flashover,MEDIUM,2.0,2026-10-07 00:00:00
TDM-DM-3101,Delhi-Mumbai,OHE-DM-155,OHE Wire Sagging,CRITICAL,1.5,2026-10-04 13:00:00
TDM-MC-3102,Mumbai-Chennai,OHE-MC-125,Cantilever Adjustment,MEDIUM,3.0,2026-10-03 09:00:00
TDM-DH-3103,Delhi-Howrah,OHE-DH-135,Cantilever Adjustment,MEDIUM,2.0,2026-10-06 06:00:00
TDM-HC-3104,Howrah-Chennai,OHE-HC-148,Cantilever Adjustment,MEDIUM,2.0,2026-10-07 09:00:00
TDM-HC-3105,Howrah-Chennai,OHE-HC-173,Cantilever Adjustment,MEDIUM,1.5,2026-10-06 19:00:00
TDM-HC-3106,Howrah-Chennai,OHE-HC-194,Neutral Section Inspection,MEDIUM,2.0,2026-10-06 15:00:00
TDM-HC-3107,Howrah-Chennai,OHE-HC-129,Neutral Section Inspection,MEDIUM,3.0,2026-10-04 11:00:00
TDM-DM-3108,Delhi-Mumbai,OHE-DM-102,OHE Wire Sagging,CRITICAL,1.5,2026-10-02 06:00:00
TDM-HC-3109,Howrah-Chennai,OHE-HC-111,Cantilever Adjustment,MEDIUM,2.0,2026-10-02 11:00:00
TDM-HC-3110,Howrah-Chennai,OHE-HC-115,Cantilever Adjustment,MEDIUM,2.0,2026-10-03 00:00:00
TDM-DM-3111,Delhi-Mumbai,OHE-DM-143,OHE Wire Sagging,CRITICAL,2.0,2026-10-07 22:00:00
TDM-MC-3112,Mumbai-Chennai,OHE-MC-102,Neutral Section Inspection,MEDIUM,1.5,2026-10-04 00:00:00
TDM-DH-3113,Delhi-Howrah,OHE-DH-126,Neutral Section Inspection,MEDIUM,3.0,2026-10-04 12:00:00
TDM-MC-3114,Mumbai-Chennai,OHE-MC-148,Insulator Flashover,MEDIUM,1.5,2026-10-04 01:00:00
TDM-DH-3115,Delhi-Howrah,OHE-DH-118,Cantilever Adjustment,MEDIUM,2.0,2026-10-04 21:00:00
TDM-DM-3116,Delhi-Mumbai,OHE-DM-165,OHE Wire Sagging,CRITICAL,2.0,2026-10-05 16:00:00
TDM-HC-3117,Howrah-Chennai,OHE-HC-144,Cantilever Adjustment,MEDIUM,2.0,2026-10-01 23:00:00
TDM-HC-3118,Howrah-Chennai,OHE-HC-140,Neutral Section Inspection,MEDIUM,2.0,2026-10-06 17:00:00
TDM-MC-3119,Mumbai-Chennai,OHE-MC-176,Neutral Section Inspection,MEDIUM,1.5,2026-10-03 04:00:00
TDM-DH-3120,Delhi-Howrah,OHE-DH-130,Neutral Section Inspection,MEDIUM,1.5,2026-10-04 19:00:00
TDM-HC-3121,Howrah-Chennai,OHE-HC-191,Insulator Flashover,MEDIUM,1.5,2026-10-07 21:00:00
TDM-DM-3122,Delhi-Mumbai,OHE-DM-139,OHE Wire Sagging,CRITICAL,2.0,2026-10-08 03:00:00
TDM-HC-3123,Howrah-Chennai,OHE-HC-111,Neutral Section Inspection,MEDIUM,1.5,2026-10-06 16:00:00
TDM-MC-3124,Mumbai-Chennai,OHE-MC-127,Insulator Flashover,MEDIUM,3.0,2026-10-05 13:00:00
TDM-DM-3125,Delhi-Mumbai,OHE-DM-121,OHE Wire Sagging,CRITICAL,2.0,2026-10-04 19:00:00
TDM-DM-3126,Delhi-Mumbai,OHE-DM-120,OHE Wire Sagging,CRITICAL,2.0,2026-10-02 20:00:00
TDM-MC-3127,Mumbai-Chennai,OHE-MC-125,Cantilever Adjustment,MEDIUM,2.0,2026-10-07 22:00:00
TDM-DH-3128,Delhi-Howrah,OHE-DH-141,Cantilever Adjustment,MEDIUM,1.5,2026-10-01 07:00:00
TDM-HC-3129,Howrah-Chennai,OHE-HC-113,Insulator Flashover,MEDIUM,1.5,2026-10-03 06:00:00
TDM-DM-3130,Delhi-Mumbai,OHE-DM-157,OHE Wire Sagging,CRITICAL,3.0,2026-10-04 10:00:00
TDM-DH-3131,Delhi-Howrah,OHE-DH-198,Insulator Flashover,MEDIUM,2.0,2026-10-06 17:00:00
TDM-MC-3132,Mumbai-Chennai,OHE-MC-184,Insulator Flashover,MEDIUM,2.0,2026-10-05 14:00:00
TDM-DH-3133,Delhi-Howrah,OHE-DH-172,Insulator Flashover,MEDIUM,2.0,2026-10-01 22:00:00
TDM-DH-3134,Delhi-Howrah,OHE-DH-139,Insulator Flashover,MEDIUM,3.0,2026-10-05 22:00:00
TDM-HC-3135,Howrah-Chennai,OHE-HC-187,Insulator Flashover,MEDIUM,1.5,2026-10-04 11:00:00
TDM-MC-3136,Mumbai-Chennai,OHE-MC-196,Neutral Section Inspection,MEDIUM,2.0,2026-10-02 18:00:00
TDM-DM-3137,Delhi-Mumbai,OHE-DM-163,OHE Wire Sagging,CRITICAL,1.5,2026-10-04 08:00:00
TDM-MC-3138,Mumbai-Chennai,OHE-MC-149,Cantilever Adjustment,MEDIUM,2.0,2026-10-01 10:00:00
TDM-DH-3139,Delhi-Howrah,OHE-DH-160,Insulator Flashover,MEDIUM,1.5,2026-10-02 11:00:00
TDM-HC-3140,Howrah-Chennai,OHE-HC-114,Insulator Flashover,MEDIUM,2.0,2026-10-02 15:00:00
TDM-DM-3141,Delhi-Mumbai,OHE-DM-121,OHE Wire Sagging,CRITICAL,3.0,2026-10-03 15:00:00
TDM-HC-3142,Howrah-Chennai,OHE-HC-158,Insulator Flashover,MEDIUM,2.0,2026-10-02 02:00:00
TDM-DH-3143,Delhi-Howrah,OHE-DH-153,Neutral Section Inspection,MEDIUM,2.0,2026-10-04 11:00:00
TDM-DH-3144,Delhi-Howrah,OHE-DH-162,Neutral Section Inspection,MEDIUM,3.0,2026-10-02 00:00:00
TDM-DM-3145,Delhi-Mumbai,OHE-DM-133,OHE Wire Sagging,CRITICAL,3.0,2026-10-01 23:00:00
TDM-HC-3146,Howrah-Chennai,OHE-HC-170,Neutral Section Inspection,MEDIUM,2.0,2026-10-05 11:00:00
TDM-DH-3147,Delhi-Howrah,OHE-DH-168,Insulator Flashover,MEDIUM,3.0,2026-10-04 22:00:00
TDM-DM-3148,Delhi-Mumbai,OHE-DM-111,OHE Wire Sagging,CRITICAL,2.0,2026-10-06 13:00:00
TDM-DM-3149,Delhi-Mumbai,OHE-DM-180,OHE Wire Sagging,CRITICAL,2.0,2026-10-01 22:00:00
TDM-MC-3150,Mumbai-Chennai,OHE-MC-112,Cantilever Adjustment,MEDIUM,1.5,2026-10-02 03:00:00
TDM-DH-3151,Delhi-Howrah,OHE-DH-117,Neutral Section Inspection,MEDIUM,1.5,2026-10-06 20:00:00
TDM-MC-3152,Mumbai-Chennai,OHE-MC-120,Neutral Section Inspection,MEDIUM,2.0,2026-10-06 23:00:00
TDM-MC-3153,Mumbai-Chennai,OHE-MC-161,Insulator Flashover,MEDIUM,1.5,2026-10-05 13:00:00
TDM-DM-3154,Delhi-Mumbai,OHE-DM-155,OHE Wire Sagging,CRITICAL,2.0,2026-10-03 03:00:00
TDM-DH-3155,Delhi-Howrah,OHE-DH-179,Neutral Section Inspection,MEDIUM,2.0,2026-10-06 07:00:00
TDM-DH-3156,Delhi-Howrah,OHE-DH-154,Cantilever Adjustment,MEDIUM,1.5,2026-10-06 08:00:00
TDM-HC-3157,Howrah-Chennai,OHE-HC-195,Neutral Section Inspection,MEDIUM,1.5,2026-10-01 23:00:00
TDM-DH-3158,Delhi-Howrah,OHE-DH-124,Cantilever Adjustment,MEDIUM,3.0,2026-10-05 01:00:00
TDM-DM-3159,Delhi-Mumbai,OHE-DM-159,OHE Wire Sagging,CRITICAL,3.0,2026-10-04 16:00:00
TDM-DH-3160,Delhi-Howrah,OHE-DH-137,Cantilever Adjustment,MEDIUM,2.0,2026-10-03 22:00:00
TDM-MC-3161,Mumbai-Chennai,OHE-MC-186,Cantilever Adjustment,MEDIUM,1.5,2026-10-03 11:00:00
TDM-MC-3162,Mumbai-Chennai,OHE-MC-163,Neutral Section Inspection,MEDIUM,3.0,2026-10-05 10:00:00
TDM-DH-3163,Delhi-Howrah,OHE-DH-119,Neutral Section Inspection,MEDIUM,1.5,2026-10-07 21:00:00
TDM-HC-3164,Howrah-Chennai,OHE-HC-137,Insulator Flashover,MEDIUM,2.0,2026-10-06 00:00:00
TDM-HC-3165,Howrah-Chennai,OHE-HC-102,Cantilever Adjustment,MEDIUM,2.0,2026-10-06 18:00:00
TDM-DH-3166,Delhi-Howrah,OHE-DH-138,Cantilever Adjustment,MEDIUM,2.0,2026-10-05 00:00:00
TDM-HC-3167,Howrah-Chennai,OHE-HC-128,Neutral Section Inspection,MEDIUM,2.0,2026-10-06 09:00:00
TDM-MC-3168,Mumbai-Chennai,OHE-MC-111,Insulator Flashover,MEDIUM,2.0,2026-10-03 08:00:00
TDM-DH-3169,Delhi-Howrah,OHE-DH-174,Cantilever Adjustment,MEDIUM,2.0,2026-10-07 01:00:00
TDM-HC-3170,Howrah-Chennai,OHE-HC-153,Neutral Section Inspection,MEDIUM,2.0,2026-10-07 18:00:00
TDM-HC-3171,Howrah-Chennai,OHE-HC-125,Neutral Section Inspection,MEDIUM,2.0,2026-10-01 21:00:00
TDM-HC-3172,Howrah-Chennai,OHE-HC-121,Cantilever Adjustment,MEDIUM,1.5,2026-10-03 08:00:00
TDM-HC-3173,Howrah-Chennai,OHE-HC-169,Insulator Flashover,MEDIUM,1.5,2026-10-04 12:00:00
TDM-MC-3174,Mumbai-Chennai,OHE-MC-135,Insulator Flashover,MEDIUM,1.5,2026-10-07 08:00:00
TDM-DM-3175,Delhi-Mumbai,OHE-DM-172,OHE Wire Sagging,CRITICAL,2.0,2026-10-04 15:00:00
TDM-HC-3176,Howrah-Chennai,OHE-HC-198,Neutral Section Inspection,MEDIUM,3.0,2026-10-04 01:00:00
TDM-MC-3177,Mumbai-Chennai,OHE-MC-166,Insulator Flashover,MEDIUM,2.0,2026-10-07 13:00:00
TDM-DM-3178,Delhi-Mumbai,OHE-DM-181,OHE Wire Sagging,CRITICAL,2.0,2026-10-07 18:00:00
TDM-DH-3179,Delhi-Howrah,OHE-DH-181,Cantilever Adjustment,MEDIUM,1.5,2026-10-04 04:00:00
TDM-HC-3180,Howrah-Chennai,OHE-HC-127,Cantilever Adjustment,MEDIUM,1.5,2026-10-06 06:00:00
TDM-MC-3181,Mumbai-Chennai,OHE-MC-134,Cantilever Adjustment,MEDIUM,3.0,2026-10-02 06:00:00
TDM-DM-3182,Delhi-Mumbai,OHE-DM-118,OHE Wire Sagging,CRITICAL,3.0,2026-10-03 15:00:00
TDM-HC-3183,Howrah-Chennai,OHE-HC-123,Neutral Section Inspection,MEDIUM,3.0,2026-10-07 01:00:00
TDM-DH-3184,Delhi-Howrah,OHE-DH-135,Cantilever Adjustment,MEDIUM,2.0,2026-10-03 00:00:00
TDM-MC-3185,Mumbai-Chennai,OHE-MC-182,Neutral Section Inspection,MEDIUM,2.0,2026-10-02 06:00:00
TDM-MC-3186,Mumbai-Chennai,OHE-MC-153,Cantilever Adjustment,MEDIUM,2.0,2026-10-05 10:00:00
TDM-DM-3187,Delhi-Mumbai,OHE-DM-197,OHE Wire Sagging,CRITICAL,3.0,2026-10-02 12:00:00
TDM-MC-3188,Mumbai-Chennai,OHE-MC-163,Neutral Section Inspection,MEDIUM,2.0,2026-10-02 19:00:00
TDM-DH-3189,Delhi-Howrah,OHE-DH-140,Neutral Section Inspection,MEDIUM,1.5,2026-10-05 13:00:00
TDM-MC-3190,Mumbai-Chennai,OHE-MC-178,Neutral Section Inspection,MEDIUM,1.5,2026-10-06 18:00:00
TDM-DH-3191,Delhi-Howrah,OHE-DH-125,Cantilever Adjustment,MEDIUM,2.0,2026-10-07 18:00:00
TDM-DM-3192,Delhi-Mumbai,OHE-DM-167,OHE Wire Sagging,CRITICAL,2.0,2026-10-05 21:00:00
TDM-DH-3193,Delhi-Howrah,OHE-DH-120,Cantilever Adjustment,MEDIUM,1.5,2026-10-06 10:00:00
TDM-HC-3194,Howrah-Chennai,OHE-HC-187,Neutral Section Inspection,MEDIUM,3.0,2026-10-05 20:00:00
TDM-DH-3195,Delhi-Howrah,OHE-DH-119,Cantilever Adjustment,MEDIUM,2.0,2026-10-03 06:00:00
TDM-HC-3196,Howrah-Chennai,OHE-HC-141,Cantilever Adjustment,MEDIUM,1.5,2026-10-02 07:00:00
TDM-MC-3197,Mumbai-Chennai,OHE-MC-125,Cantilever Adjustment,MEDIUM,2.0,2026-10-06 05:00:00
TDM-HC-3198,Howrah-Chennai,OHE-HC-174,Neutral Section Inspection,MEDIUM,2.0,2026-10-07 09:00:00
TDM-HC-3199,Howrah-Chennai,OHE-HC-178,Insulator Flashover,MEDIUM,1.5,2026-10-07 00:00:00
TDM-HC-3200,Howrah-Chennai,OHE-HC-122,Cantilever Adjustment,MEDIUM,1.5,2026-10-05 15:00:00
TDM-DH-3201,Delhi-Howrah,OHE-DH-148,Neutral Section Inspection,MEDIUM,2.0,2026-10-03 12:00:00
TDM-DH-3202,Delhi-Howrah,OHE-DH-140,Neutral Section Inspection,MEDIUM,3.0,2026-10-06 09:00:00
TDM-DH-3203,Delhi-Howrah,OHE-DH-173,Cantilever Adjustment,MEDIUM,2.0,2026-10-05 03:00:00
TDM-DM-3204,Delhi-Mumbai,OHE-DM-174,OHE Wire Sagging,CRITICAL,2.0,2026-10-05 11:00:00
TDM-DH-3205,Delhi-Howrah,OHE-DH-106,Insulator Flashover,MEDIUM,1.5,2026-10-05 14:00:00
TDM-DM-3206,Delhi-Mumbai,OHE-DM-119,OHE Wire Sagging,CRITICAL,2.0,2026-10-01 07:00:00
TDM-HC-3207,Howrah-Chennai,OHE-HC-140,Insulator Flashover,MEDIUM,1.5,2026-10-01 23:00:00
TDM-DH-3208,Delhi-Howrah,OHE-DH-142,Insulator Flashover,MEDIUM,2.0,2026-10-06 06:00:00
TDM-HC-3209,Howrah-Chennai,OHE-HC-171,Neutral Section Inspection,MEDIUM,2.0,2026-10-03 12:00:00
TDM-MC-3210,Mumbai-Chennai,OHE-MC-125,Cantilever Adjustment,MEDIUM,1.5,2026-10-07 14:00:00
TDM-DH-3211,Delhi-Howrah,OHE-DH-122,Cantilever Adjustment,MEDIUM,2.0,2026-10-01 14:00:00
TDM-HC-3212,Howrah-Chennai,OHE-HC-135,Neutral Section Inspection,MEDIUM,2.0,2026-10-02 20:00:00
TDM-MC-3213,Mumbai-Chennai,OHE-MC-137,Cantilever Adjustment,MEDIUM,2.0,2026-10-02 22:00:00
TDM-DH-3214,Delhi-Howrah,OHE-DH-117,Neutral Section Inspection,MEDIUM,3.0,2026-10-05 20:00:00
TDM-MC-3215,Mumbai-Chennai,OHE-MC-180,Cantilever Adjustment,MEDIUM,2.0,2026-10-02 15:00:00
TDM-MC-3216,Mumbai-Chennai,OHE-MC-193,Insulator Flashover,MEDIUM,2.0,2026-10-04 19:00:00
TDM-DM-3217,Delhi-Mumbai,OHE-DM-110,OHE Wire Sagging,CRITICAL,2.0,2026-10-06 01:00:00
TDM-DM-3218,Delhi-Mumbai,OHE-DM-113,OHE Wire Sagging,CRITICAL,2.0,2026-10-03 15:00:00
TDM-HC-3219,Howrah-Chennai,OHE-HC-108,Cantilever Adjustment,MEDIUM,1.5,2026-10-05 23:00:00
TDM-DM-3220,Delhi-Mumbai,OHE-DM-167,OHE Wire Sagging,CRITICAL,2.0,2026-10-07 00:00:00
TDM-DM-3221,Delhi-Mumbai,OHE-DM-149,OHE Wire Sagging,CRITICAL,1.5,2026-10-01 17:00:00
TDM-DH-3222,Delhi-Howrah,OHE-DH-136,Cantilever Adjustment,MEDIUM,2.0,2026-10-03 14:00:00
TDM-MC-3223,Mumbai-Chennai,OHE-MC-156,Insulator Flashover,MEDIUM,2.0,2026-10-02 12:00:00
TDM-MC-3224,Mumbai-Chennai,OHE-MC-177,Neutral Section Inspection,MEDIUM,2.0,2026-10-05 12:00:00
TDM-HC-3225,Howrah-Chennai,OHE-HC-168,Neutral Section Inspection,MEDIUM,3.0,2026-10-06 21:00:00
TDM-DH-3226,Delhi-Howrah,OHE-DH-175,Insulator Flashover,MEDIUM,2.0,2026-10-03 16:00:00
TDM-DM-3227,Delhi-Mumbai,OHE-DM-164,OHE Wire Sagging,CRITICAL,1.5,2026-10-07 02:00:00
TDM-HC-3228,Howrah-Chennai,OHE-HC-155,Neutral Section Inspection,MEDIUM,2.0,2026-10-03 20:00:00
TDM-MC-3229,Mumbai-Chennai,OHE-MC-173,Cantilever Adjustment,MEDIUM,2.0,2026-10-04 11:00:00
TDM-HC-3230,Howrah-Chennai,OHE-HC-136,Neutral Section Inspection,MEDIUM,3.0,2026-10-07 07:00:00
TDM-DH-3231,Delhi-Howrah,OHE-DH-131,Insulator Flashover,MEDIUM,2.0,2026-10-02 10:00:00
TDM-MC-3232,Mumbai-Chennai,OHE-MC-115,Neutral Section Inspection,MEDIUM,1.5,2026-10-02 15:00:00
TDM-MC-3233,Mumbai-Chennai,OHE-MC-112,Cantilever Adjustment,MEDIUM,2.0,2026-10-02 05:00:00
TDM-MC-3234,Mumbai-Chennai,OHE-MC-191,Cantilever Adjustment,MEDIUM,2.0,2026-10-04 19:00:00
TDM-DM-3235,Delhi-Mumbai,OHE-DM-131,OHE Wire Sagging,CRITICAL,3.0,2026-10-06 08:00:00
TDM-HC-3236,Howrah-Chennai,OHE-HC-105,Cantilever Adjustment,MEDIUM,1.5,2026-10-03 01:00:00
TDM-DM-3237,Delhi-Mumbai,OHE-DM-147,OHE Wire Sagging,CRITICAL,2.0,2026-10-08 04:00:00
TDM-MC-3238,Mumbai-Chennai,OHE-MC-162,Neutral Section Inspection,MEDIUM,2.0,2026-10-02 19:00:00
TDM-HC-3239,Howrah-Chennai,OHE-HC-186,Cantilever Adjustment,MEDIUM,1.5,2026-10-03 10:00:00
TDM-HC-3240,Howrah-Chennai,OHE-HC-181,Insulator Flashover,MEDIUM,3.0,2026-10-05 22:00:00
TDM-DH-3241,Delhi-Howrah,OHE-DH-127,Cantilever Adjustment,MEDIUM,2.0,2026-10-07 13:00:00
TDM-MC-3242,Mumbai-Chennai,OHE-MC-164,Cantilever Adjustment,MEDIUM,3.0,2026-10-06 00:00:00
TDM-MC-3243,Mumbai-Chennai,OHE-MC-180,Insulator Flashover,MEDIUM,3.0,2026-10-06 22:00:00
TDM-DH-3244,Delhi-Howrah,OHE-DH-153,Cantilever Adjustment,MEDIUM,1.5,2026-10-05 10:00:00
TDM-DH-3245,Delhi-Howrah,OHE-DH-144,Neutral Section Inspection,MEDIUM,1.5,2026-10-07 07:00:00
TDM-HC-3246,Howrah-Chennai,OHE-HC-139,Insulator Flashover,MEDIUM,2.0,2026-10-07 02:00:00
TDM-MC-3247,Mumbai-Chennai,OHE-MC-118,Insulator Flashover,MEDIUM,2.0,2026-10-01 12:00:00
TDM-DH-3248,Delhi-Howrah,OHE-DH-135,Neutral Section Inspection,MEDIUM,2.0,2026-10-03 20:00:00
TDM-DM-3249,Delhi-Mumbai,OHE-DM-182,OHE Wire Sagging,CRITICAL,2.0,2026-10-04 23:00:00
TDM-MC-3250,Mumbai-Chennai,OHE-MC-190,Cantilever Adjustment,MEDIUM,1.5,2026-10-07 21:00:00
TDM-HC-3251,Howrah-Chennai,OHE-HC-156,Cantilever Adjustment,MEDIUM,2.0,2026-10-05 02:00:00
TDM-DH-3252,Delhi-Howrah,OHE-DH-120,Neutral Section Inspection,MEDIUM,2.0,2026-10-06 23:00:00
TDM-DH-3253,Delhi-Howrah,OHE-DH-193,Neutral Section Inspection,MEDIUM,2.0,2026-10-03 04:00:00
TDM-DH-3254,Delhi-Howrah,OHE-DH-120,Neutral Section Inspection,MEDIUM,1.5,2026-10-02 21:00:00
TDM-DM-3255,Delhi-Mumbai,OHE-DM-150,OHE Wire Sagging,CRITICAL,3.0,2026-10-06 04:00:00
TDM-MC-3256,Mumbai-Chennai,OHE-MC-131,Insulator Flashover,MEDIUM,1.5,2026-10-02 16:00:00
TDM-DH-3257,Delhi-Howrah,OHE-DH-162,Neutral Section Inspection,MEDIUM,2.0,2026-10-03 14:00:00
TDM-HC-3258,Howrah-Chennai,OHE-HC-189,Cantilever Adjustment,MEDIUM,2.0,2026-10-08 04:00:00
TDM-MC-3259,Mumbai-Chennai,OHE-MC-144,Cantilever Adjustment,MEDIUM,2.0,2026-10-07 20:00:00
TDM-DM-3260,Delhi-Mumbai,OHE-DM-159,OHE Wire Sagging,CRITICAL,1.5,2026-10-04 18:00:00
TDM-MC-3261,Mumbai-Chennai,OHE-MC-145,Cantilever Adjustment,MEDIUM,2.0,2026-10-03 20:00:00
TDM-HC-3262,Howrah-Chennai,OHE-HC-163,Insulator Flashover,MEDIUM,2.0,2026-10-07 00:00:00
TDM-HC-3263,Howrah-Chennai,OHE-HC-170,Cantilever Adjustment,MEDIUM,3.0,2026-10-02 16:00:00
TDM-MC-3264,Mumbai-Chennai,OHE-MC-117,Insulator Flashover,MEDIUM,1.5,2026-10-02 22:00:00
TDM-HC-3265,Howrah-Chennai,OHE-HC-182,Neutral Section Inspection,MEDIUM,2.0,2026-10-03 22:00:00
TDM-HC-3266,Howrah-Chennai,OHE-HC-106,Neutral Section Inspection,MEDIUM,1.5,2026-10-07 08:00:00
TDM-MC-3267,Mumbai-Chennai,OHE-MC-139,Neutral Section Inspection,MEDIUM,1.5,2026-10-05 23:00:00
TDM-MC-3268,Mumbai-Chennai,OHE-MC-110,Insulator Flashover,MEDIUM,2.0,2026-10-03 13:00:00
TDM-DM-3269,Delhi-Mumbai,OHE-DM-149,OHE Wire Sagging,CRITICAL,3.0,2026-10-02 19:00:00
TDM-MC-3270,Mumbai-Chennai,OHE-MC-125,Neutral Section Inspection,MEDIUM,1.5,2026-10-05 03:00:00
TDM-DH-3271,Delhi-Howrah,OHE-DH-197,Neutral Section Inspection,MEDIUM,3.0,2026-10-02 06:00:00
TDM-HC-3272,Howrah-Chennai,OHE-HC-112,Insulator Flashover,MEDIUM,2.0,2026-10-07 03:00:00
TDM-HC-3273,Howrah-Chennai,OHE-HC-139,Neutral Section Inspection,MEDIUM,1.5,2026-10-05 07:00:00
TDM-MC-3274,Mumbai-Chennai,OHE-MC-171,Cantilever Adjustment,MEDIUM,1.5,2026-10-06 14:00:00
TDM-DH-3275,Delhi-Howrah,OHE-DH-131,Insulator Flashover,MEDIUM,2.0,2026-10-01 21:00:00
TDM-DM-3276,Delhi-Mumbai,OHE-DM-175,OHE Wire Sagging,CRITICAL,2.0,2026-10-04 09:00:00
TDM-DM-3277,Delhi-Mumbai,OHE-DM-166,OHE Wire Sagging,CRITICAL,3.0,2026-10-08 05:00:00
TDM-DM-3278,Delhi-Mumbai,OHE-DM-137,OHE Wire Sagging,CRITICAL,3.0,2026-10-06 10:00:00
TDM-HC-3279,Howrah-Chennai,OHE-HC-108,Neutral Section Inspection,MEDIUM,3.0,2026-10-02 23:00:00
TDM-DH-3280,Delhi-Howrah,OHE-DH-188,Neutral Section Inspection,MEDIUM,2.0,2026-10-02 08:00:00
TDM-HC-3281,Howrah-Chennai,OHE-HC-183,Insulator Flashover,MEDIUM,2.0,2026-10-07 19:00:00
TDM-HC-3282,Howrah-Chennai,OHE-HC-166,Neutral Section Inspection,MEDIUM,2.0,2026-10-04 04:00:00
TDM-DM-3283,Delhi-Mumbai,OHE-DM-157,OHE Wire Sagging,CRITICAL,3.0,2026-10-05 02:00:00
TDM-DH-3284,Delhi-Howrah,OHE-DH-173,Neutral Section Inspection,MEDIUM,1.5,2026-10-06 13:00:00
TDM-DM-3285,Delhi-Mumbai,OHE-DM-106,OHE Wire Sagging,CRITICAL,1.5,2026-10-05 02:00:00
TDM-HC-3286,Howrah-Chennai,OHE-HC-165,Insulator Flashover,MEDIUM,2.0,2026-10-04 18:00:00
TDM-DM-3287,Delhi-Mumbai,OHE-DM-152,OHE Wire Sagging,CRITICAL,1.5,2026-10-02 13:00:00
TDM-HC-3288,Howrah-Chennai,OHE-HC-155,Insulator Flashover,MEDIUM,1.5,2026-10-08 02:00:00
TDM-DM-3289,Delhi-Mumbai,OHE-DM-126,OHE Wire Sagging,CRITICAL,1.5,2026-10-04 20:00:00
TDM-DM-3290,Delhi-Mumbai,OHE-DM-125,OHE Wire Sagging,CRITICAL,2.0,2026-10-04 20:00:00
TDM-DM-3291,Delhi-Mumbai,OHE-DM-104,OHE Wire Sagging,CRITICAL,2.0,2026-10-07 11:00:00
TDM-DM-3292,Delhi-Mumbai,OHE-DM-189,OHE Wire Sagging,CRITICAL,2.0,2026-10-08 05:00:00
TDM-MC-3293,Mumbai-Chennai,OHE-MC-114,Insulator Flashover,MEDIUM,1.5,2026-10-04 15:00:00
TDM-DM-3294,Delhi-Mumbai,OHE-DM-146,OHE Wire Sagging,CRITICAL,2.0,2026-10-01 22:00:00
TDM-MC-3295,Mumbai-Chennai,OHE-MC-192,Insulator Flashover,MEDIUM,3.0,2026-10-06 17:00:00
TDM-DM-3296,Delhi-Mumbai,OHE-DM-119,OHE Wire Sagging,CRITICAL,3.0,2026-10-04 13:00:00
TDM-DH-3297,Delhi-Howrah,OHE-DH-182,Cantilever Adjustment,MEDIUM,2.0,2026-10-05 23:00:00
TDM-HC-3298,Howrah-Chennai,OHE-HC-133,Insulator Flashover,MEDIUM,1.5,2026-10-04 11:00:00
TDM-HC-3299,Howrah-Chennai,OHE-HC-178,Insulator Flashover,MEDIUM,2.0,2026-10-06 01:00:00
TDM-HC-3300,Howrah-Chennai,OHE-HC-194,Insulator Flashover,MEDIUM,2.0,2026-10-01 18:00:00
TDM-MC-3301,Mumbai-Chennai,OHE-MC-143,Insulator Flashover,MEDIUM,2.0,2026-10-04 19:00:00
TDM-DM-3302,Delhi-Mumbai,OHE-DM-187,OHE Wire Sagging,CRITICAL,2.0,2026-10-06 07:00:00
TDM-DH-3303,Delhi-Howrah,OHE-DH-174,Cantilever Adjustment,MEDIUM,1.5,2026-10-05 10:00:00
TDM-MC-3304,Mumbai-Chennai,OHE-MC-123,Neutral Section Inspection,MEDIUM,1.5,2026-10-02 19:00:00
TDM-DH-3305,Delhi-Howrah,OHE-DH-106,Insulator Flashover,MEDIUM,2.0,2026-10-05 15:00:00
TDM-MC-3306,Mumbai-Chennai,OHE-MC-179,Insulator Flashover,MEDIUM,2.0,2026-10-03 09:00:00
TDM-MC-3307,Mumbai-Chennai,OHE-MC-170,Cantilever Adjustment,MEDIUM,2.0,2026-10-05 16:00:00
TDM-DM-3308,Delhi-Mumbai,OHE-DM-160,OHE Wire Sagging,CRITICAL,3.0,2026-10-08 04:00:00
TDM-HC-3309,Howrah-Chennai,OHE-HC-139,Cantilever Adjustment,MEDIUM,2.0,2026-10-02 18:00:00
TDM-MC-3310,Mumbai-Chennai,OHE-MC-133,Neutral Section Inspection,MEDIUM,3.0,2026-10-03 16:00:00
TDM-MC-3311,Mumbai-Chennai,OHE-MC-131,Insulator Flashover,MEDIUM,2.0,2026-10-01 16:00:00
TDM-MC-3312,Mumbai-Chennai,OHE-MC-115,Cantilever Adjustment,MEDIUM,2.0,2026-10-07 21:00:00
TDM-DH-3313,Delhi-Howrah,OHE-DH-156,Neutral Section Inspection,MEDIUM,1.5,2026-10-01 21:00:00
TDM-DM-3314,Delhi-Mumbai,OHE-DM-192,OHE Wire Sagging,CRITICAL,3.0,2026-10-03 05:00:00
TDM-DM-3315,Delhi-Mumbai,OHE-DM-150,OHE Wire Sagging,CRITICAL,2.0,2026-10-07 05:00:00
TDM-DH-3316,Delhi-Howrah,OHE-DH-188,Cantilever Adjustment,MEDIUM,2.0,2026-10-04 18:00:00
TDM-DH-3317,Delhi-Howrah,OHE-DH-126,Neutral Section Inspection,MEDIUM,1.5,2026-10-05 04:00:00
TDM-DH-3318,Delhi-Howrah,OHE-DH-111,Insulator Flashover,MEDIUM,2.0,2026-10-06 06:00:00
TDM-DM-3319,Delhi-Mumbai,OHE-DM-183,OHE Wire Sagging,CRITICAL,2.0,2026-10-07 10:00:00
TDM-DM-3320,Delhi-Mumbai,OHE-DM-187,OHE Wire Sagging,CRITICAL,2.0,2026-10-04 02:00:00
TDM-HC-3321,Howrah-Chennai,OHE-HC-120,Cantilever Adjustment,MEDIUM,1.5,2026-10-02 12:00:00
TDM-DH-3322,Delhi-Howrah,OHE-DH-124,Insulator Flashover,MEDIUM,3.0,2026-10-02 06:00:00
TDM-MC-3323,Mumbai-Chennai,OHE-MC-155,Neutral Section Inspection,MEDIUM,3.0,2026-10-02 06:00:00
TDM-DM-3324,Delhi-Mumbai,OHE-DM-124,OHE Wire Sagging,CRITICAL,3.0,2026-10-04 14:00:00
TDM-DH-3325,Delhi-Howrah,OHE-DH-165,Cantilever Adjustment,MEDIUM,1.5,2026-10-08 01:00:00
TDM-HC-3326,Howrah-Chennai,OHE-HC-137,Insulator Flashover,MEDIUM,2.0,2026-10-03 12:00:00
TDM-HC-3327,Howrah-Chennai,OHE-HC-128,Cantilever Adjustment,MEDIUM,2.0,2026-10-06 17:00:00
TDM-MC-3328,Mumbai-Chennai,OHE-MC-159,Cantilever Adjustment,MEDIUM,3.0,2026-10-03 00:00:00
TDM-DH-3329,Delhi-Howrah,OHE-DH-132,Cantilever Adjustment,MEDIUM,2.0,2026-10-06 15:00:00
TDM-MC-3330,Mumbai-Chennai,OHE-MC-102,Insulator Flashover,MEDIUM,2.0,2026-10-06 06:00:00
TDM-HC-3331,Howrah-Chennai,OHE-HC-152,Neutral Section Inspection,MEDIUM,1.5,2026-10-02 04:00:00
TDM-DH-3332,Delhi-Howrah,OHE-DH-149,Cantilever Adjustment,MEDIUM,2.0,2026-10-04 18:00:00
TDM-DM-3333,Delhi-Mumbai,OHE-DM-183,OHE Wire Sagging,CRITICAL,2.0,2026-10-03 03:00:00
TDM-MC-3334,Mumbai-Chennai,OHE-MC-122,Insulator Flashover,MEDIUM,1.5,2026-10-05 16:00:00
TDM-HC-3335,Howrah-Chennai,OHE-HC-173,Neutral Section Inspection,MEDIUM,1.5,2026-10-03 06:00:00
TDM-DH-3336,Delhi-Howrah,OHE-DH-107,Neutral Section Inspection,MEDIUM,2.0,2026-10-01 22:00:00
TDM-DM-3337,Delhi-Mumbai,OHE-DM-137,OHE Wire Sagging,CRITICAL,3.0,2026-10-08 03:00:00
TDM-DM-3338,Delhi-Mumbai,OHE-DM-181,OHE Wire Sagging,CRITICAL,2.0,2026-10-03 20:00:00
TDM-MC-3339,Mumbai-Chennai,OHE-MC-133,Insulator Flashover,MEDIUM,3.0,2026-10-02 02:00:00
TDM-MC-3340,Mumbai-Chennai,OHE-MC-174,Cantilever Adjustment,MEDIUM,2.0,2026-10-06 18:00:00
TDM-DM-3341,Delhi-Mumbai,OHE-DM-104,OHE Wire Sagging,CRITICAL,2.0,2026-10-07 08:00:00
TDM-DM-3342,Delhi-Mumbai,OHE-DM-188,OHE Wire Sagging,CRITICAL,3.0,2026-10-02 15:00:00
TDM-DH-3343,Delhi-Howrah,OHE-DH-173,Neutral Section Inspection,MEDIUM,2.0,2026-10-06 11:00:00
TDM-DH-3344,Delhi-Howrah,OHE-DH-142,Insulator Flashover,MEDIUM,2.0,2026-10-05 21:00:00
TDM-HC-3345,Howrah-Chennai,OHE-HC-157,Neutral Section Inspection,MEDIUM,2.0,2026-10-07 12:00:00
TDM-MC-3346,Mumbai-Chennai,OHE-MC-187,Insulator Flashover,MEDIUM,1.5,2026-10-07 13:00:00
TDM-MC-3347,Mumbai-Chennai,OHE-MC-191,Insulator Flashover,MEDIUM,3.0,2026-10-06 05:00:00
TDM-DH-3348,Delhi-Howrah,OHE-DH-109,Neutral Section Inspection,MEDIUM,1.5,2026-10-03 07:00:00
TDM-DM-3349,Delhi-Mumbai,OHE-DM-151,OHE Wire Sagging,CRITICAL,2.0,2026-10-02 19:00:00
TDM-HC-3350,Howrah-Chennai,OHE-HC-141,Cantilever Adjustment,MEDIUM,2.0,2026-10-01 20:00:00
TDM-MC-3351,Mumbai-Chennai,OHE-MC-179,Insulator Flashover,MEDIUM,1.5,2026-10-02 18:00:00
TDM-MC-3352,Mumbai-Chennai,OHE-MC-128,Insulator Flashover,MEDIUM,3.0,2026-10-03 09:00:00
TDM-MC-3353,Mumbai-Chennai,OHE-MC-142,Cantilever Adjustment,MEDIUM,1.5,2026-10-06 13:00:00
TDM-DH-3354,Delhi-Howrah,OHE-DH-139,Cantilever Adjustment,MEDIUM,2.0,2026-10-02 21:00:00
TDM-DM-3355,Delhi-Mumbai,OHE-DM-165,OHE Wire Sagging,CRITICAL,2.0,2026-10-03 19:00:00
TDM-MC-3356,Mumbai-Chennai,OHE-MC-187,Cantilever Adjustment,MEDIUM,3.0,2026-10-06 10:00:00
TDM-DH-3357,Delhi-Howrah,OHE-DH-198,Insulator Flashover,MEDIUM,2.0,2026-10-01 16:00:00
TDM-DH-3358,Delhi-Howrah,OHE-DH-177,Insulator Flashover,MEDIUM,2.0,2026-10-04 14:00:00
TDM-HC-3359,Howrah-Chennai,OHE-HC-128,Insulator Flashover,MEDIUM,3.0,2026-10-05 19:00:00
TDM-HC-3360,Howrah-Chennai,OHE-HC-198,Insulator Flashover,MEDIUM,1.5,2026-10-07 01:00:00
TDM-MC-3361,Mumbai-Chennai,OHE-MC-196,Cantilever Adjustment,MEDIUM,2.0,2026-10-06 09:00:00
TDM-MC-3362,Mumbai-Chennai,OHE-MC-181,Neutral Section Inspection,MEDIUM,2.0,2026-10-01 16:00:00
TDM-MC-3363,Mumbai-Chennai,OHE-MC-177,Insulator Flashover,MEDIUM,2.0,2026-10-02 12:00:00
TDM-HC-3364,Howrah-Chennai,OHE-HC-175,Insulator Flashover,MEDIUM,2.0,2026-10-06 16:00:00
TDM-DM-3365,Delhi-Mumbai,OHE-DM-101,OHE Wire Sagging,CRITICAL,1.5,2026-10-03 12:00:00
TDM-DH-3366,Delhi-Howrah,OHE-DH-103,Insulator Flashover,MEDIUM,2.0,2026-10-02 16:00:00
TDM-HC-3367,Howrah-Chennai,OHE-HC-194,Cantilever Adjustment,MEDIUM,2.0,2026-10-06 16:00:00
TDM-DH-3368,Delhi-Howrah,OHE-DH-132,Cantilever Adjustment,MEDIUM,1.5,2026-10-01 07:00:00
TDM-DM-3369,Delhi-Mumbai,OHE-DM-172,OHE Wire Sagging,CRITICAL,3.0,2026-10-07 03:00:00
TDM-HC-3370,Howrah-Chennai,OHE-HC-144,Insulator Flashover,MEDIUM,3.0,2026-10-03 04:00:00
TDM-DM-3371,Delhi-Mumbai,OHE-DM-119,OHE Wire Sagging,CRITICAL,2.0,2026-10-06 09:00:00
TDM-HC-3372,Howrah-Chennai,OHE-HC-143,Insulator Flashover,MEDIUM,3.0,2026-10-02 03:00:00
TDM-DH-3373,Delhi-Howrah,OHE-DH-150,Insulator Flashover,MEDIUM,1.5,2026-10-07 16:00:00
TDM-DH-3374,Delhi-Howrah,OHE-DH-131,Insulator Flashover,MEDIUM,2.0,2026-10-04 02:00:00
TDM-DM-3375,Delhi-Mumbai,OHE-DM-161,OHE Wire Sagging,CRITICAL,2.0,2026-10-05 00:00:00
TDM-HC-3376,Howrah-Chennai,OHE-HC-117,Neutral Section Inspection,MEDIUM,2.0,2026-10-04 04:00:00
TDM-HC-3377,Howrah-Chennai,OHE-HC-175,Insulator Flashover,MEDIUM,2.0,2026-10-07 15:00:00
TDM-MC-3378,Mumbai-Chennai,OHE-MC-171,Neutral Section Inspection,MEDIUM,1.5,2026-10-02 04:00:00
TDM-DM-3379,Delhi-Mumbai,OHE-DM-119,OHE Wire Sagging,CRITICAL,3.0,2026-10-02 05:00:00
TDM-HC-3380,Howrah-Chennai,OHE-HC-189,Insulator Flashover,MEDIUM,1.5,2026-10-07 06:00:00
TDM-DM-3381,Delhi-Mumbai,OHE-DM-128,OHE Wire Sagging,CRITICAL,1.5,2026-10-02 13:00:00
TDM-DM-3382,Delhi-Mumbai,OHE-DM-132,OHE Wire Sagging,CRITICAL,2.0,2026-10-03 17:00:00
TDM-DM-3383,Delhi-Mumbai,OHE-DM-166,OHE Wire Sagging,CRITICAL,1.5,2026-10-06 08:00:00
TDM-MC-3384,Mumbai-Chennai,OHE-MC-165,Insulator Flashover,MEDIUM,1.5,2026-10-06 18:00:00
TDM-HC-3385,Howrah-Chennai,OHE-HC-110,Cantilever Adjustment,MEDIUM,1.5,2026-10-01 20:00:00
TDM-DH-3386,Delhi-Howrah,OHE-DH-117,Insulator Flashover,MEDIUM,1.5,2026-10-04 09:00:00
TDM-DM-3387,Delhi-Mumbai,OHE-DM-141,OHE Wire Sagging,CRITICAL,3.0,2026-10-02 00:00:00
TDM-MC-3388,Mumbai-Chennai,OHE-MC-114,Neutral Section Inspection,MEDIUM,2.0,2026-10-03 12:00:00
TDM-HC-3389,Howrah-Chennai,OHE-HC-142,Cantilever Adjustment,MEDIUM,3.0,2026-10-07 20:00:00
TDM-DM-3390,Delhi-Mumbai,OHE-DM-163,OHE Wire Sagging,CRITICAL,2.0,2026-10-06 22:00:00
TDM-HC-3391,Howrah-Chennai,OHE-HC-167,Neutral Section Inspection,MEDIUM,2.0,2026-10-04 20:00:00
TDM-DM-3392,Delhi-Mumbai,OHE-DM-117,OHE Wire Sagging,CRITICAL,3.0,2026-10-01 15:00:00
TDM-DH-3393,Delhi-Howrah,OHE-DH-121,Cantilever Adjustment,MEDIUM,1.5,2026-10-07 01:00:00
TDM-MC-3394,Mumbai-Chennai,OHE-MC-153,Neutral Section Inspection,MEDIUM,1.5,2026-10-06 22:00:00
TDM-MC-3395,Mumbai-Chennai,OHE-MC-144,Neutral Section Inspection,MEDIUM,2.0,2026-10-03 05:00:00
TDM-DH-3396,Delhi-Howrah,OHE-DH-185,Neutral Section Inspection,MEDIUM,3.0,2026-10-04 02:00:00
TDM-HC-3397,Howrah-Chennai,OHE-HC-173,Insulator Flashover,MEDIUM,2.0,2026-10-04 07:00:00
TDM-DM-3398,Delhi-Mumbai,OHE-DM-148,OHE Wire Sagging,CRITICAL,2.0,2026-10-05 12:00:00
TDM-DH-3399,Delhi-Howrah,OHE-DH-139,Insulator Flashover,MEDIUM,2.0,2026-10-02 01:00:00
TDM-MC-3400,Mumbai-Chennai,OHE-MC-177,Neutral Section Inspection,MEDIUM,1.5,2026-10-02 10:00:00
TDM-DM-3401,Delhi-Mumbai,OHE-DM-166,OHE Wire Sagging,CRITICAL,2.0,2026-10-03 16:00:00
TDM-DM-3402,Delhi-Mumbai,OHE-DM-197,OHE Wire Sagging,CRITICAL,2.0,2026-10-05 22:00:00
TDM-MC-3403,Mumbai-Chennai,OHE-MC-196,Neutral Section Inspection,MEDIUM,1.5,2026-10-07 14:00:00
TDM-DH-3404,Delhi-Howrah,OHE-DH-113,Cantilever Adjustment,MEDIUM,2.0,2026-10-03 05:00:00
TDM-MC-3405,Mumbai-Chennai,OHE-MC-181,Cantilever Adjustment,MEDIUM,2.0,2026-10-01 14:00:00
TDM-MC-3406,Mumbai-Chennai,OHE-MC-112,Neutral Section Inspection,MEDIUM,3.0,2026-10-04 12:00:00
TDM-MC-3407,Mumbai-Chennai,OHE-MC-149,Neutral Section Inspection,MEDIUM,2.0,2026-10-03 07:00:00
TDM-HC-3408,Howrah-Chennai,OHE-HC-133,Cantilever Adjustment,MEDIUM,3.0,2026-10-04 10:00:00
TDM-HC-3409,Howrah-Chennai,OHE-HC-192,Cantilever Adjustment,MEDIUM,1.5,2026-10-05 04:00:00
TDM-DM-3410,Delhi-Mumbai,OHE-DM-145,OHE Wire Sagging,CRITICAL,2.0,2026-10-01 21:00:00
TDM-MC-3411,Mumbai-Chennai,OHE-MC-146,Cantilever Adjustment,MEDIUM,2.0,2026-10-04 09:00:00
TDM-DM-3412,Delhi-Mumbai,OHE-DM-195,OHE Wire Sagging,CRITICAL,2.0,2026-10-03 10:00:00
TDM-DH-3413,Delhi-Howrah,OHE-DH-183,Insulator Flashover,MEDIUM,1.5,2026-10-02 02:00:00
TDM-DM-3414,Delhi-Mumbai,OHE-DM-172,OHE Wire Sagging,CRITICAL,2.0,2026-10-04 07:00:00
TDM-DH-3415,Delhi-Howrah,OHE-DH-187,Insulator Flashover,MEDIUM,3.0,2026-10-03 19:00:00
TDM-DM-3416,Delhi-Mumbai,OHE-DM-108,OHE Wire Sagging,CRITICAL,1.5,2026-10-06 02:00:00
TDM-DM-3417,Delhi-Mumbai,OHE-DM-115,OHE Wire Sagging,CRITICAL,2.0,2026-10-06 17:00:00
TDM-DH-3418,Delhi-Howrah,OHE-DH-114,Cantilever Adjustment,MEDIUM,3.0,2026-10-05 15:00:00
TDM-DH-3419,Delhi-Howrah,OHE-DH-110,Neutral Section Inspection,MEDIUM,2.0,2026-10-05 21:00:00
TDM-DM-3420,Delhi-Mumbai,OHE-DM-191,OHE Wire Sagging,CRITICAL,2.0,2026-10-05 23:00:00
TDM-DM-3421,Delhi-Mumbai,OHE-DM-171,OHE Wire Sagging,CRITICAL,2.0,2026-10-06 06:00:00
TDM-DM-3422,Delhi-Mumbai,OHE-DM-115,OHE Wire Sagging,CRITICAL,2.0,2026-10-05 11:00:00
TDM-HC-3423,Howrah-Chennai,OHE-HC-120,Cantilever Adjustment,MEDIUM,1.5,2026-10-04 07:00:00
TDM-DH-3424,Delhi-Howrah,OHE-DH-139,Insulator Flashover,MEDIUM,2.0,2026-10-02 05:00:00
TDM-HC-3425,Howrah-Chennai,OHE-HC-185,Neutral Section Inspection,MEDIUM,1.5,2026-10-01 19:00:00
TDM-MC-3426,Mumbai-Chennai,OHE-MC-151,Neutral Section Inspection,MEDIUM,3.0,2026-10-02 20:00:00
TDM-MC-3427,Mumbai-Chennai,OHE-MC-118,Insulator Flashover,MEDIUM,3.0,2026-10-06 23:00:00
TDM-DM-3428,Delhi-Mumbai,OHE-DM-140,OHE Wire Sagging,CRITICAL,2.0,2026-10-03 02:00:00
TDM-DH-3429,Delhi-Howrah,OHE-DH-124,Insulator Flashover,MEDIUM,1.5,2026-10-06 14:00:00
TDM-DM-3430,Delhi-Mumbai,OHE-DM-110,OHE Wire Sagging,CRITICAL,1.5,2026-10-05 19:00:00
TDM-MC-3431,Mumbai-Chennai,OHE-MC-112,Neutral Section Inspection,MEDIUM,3.0,2026-10-05 04:00:00
TDM-MC-3432,Mumbai-Chennai,OHE-MC-163,Insulator Flashover,MEDIUM,2.0,2026-10-01 18:00:00
TDM-DM-3433,Delhi-Mumbai,OHE-DM-125,OHE Wire Sagging,CRITICAL,2.0,2026-10-06 12:00:00
TDM-DH-3434,Delhi-Howrah,OHE-DH-189,Cantilever Adjustment,MEDIUM,2.0,2026-10-05 06:00:00
TDM-DM-3435,Delhi-Mumbai,OHE-DM-114,OHE Wire Sagging,CRITICAL,1.5,2026-10-02 07:00:00
TDM-HC-3436,Howrah-Chennai,OHE-HC-105,Insulator Flashover,MEDIUM,2.0,2026-10-07 09:00:00
TDM-HC-3437,Howrah-Chennai,OHE-HC-194,Insulator Flashover,MEDIUM,1.5,2026-10-02 15:00:00
TDM-DH-3438,Delhi-Howrah,OHE-DH-101,Cantilever Adjustment,MEDIUM,2.0,2026-10-04 23:00:00
TDM-MC-3439,Mumbai-Chennai,OHE-MC-190,Neutral Section Inspection,MEDIUM,1.5,2026-10-01 20:00:00
TDM-DM-3440,Delhi-Mumbai,OHE-DM-124,OHE Wire Sagging,CRITICAL,2.0,2026-10-07 05:00:00
TDM-HC-3441,Howrah-Chennai,OHE-HC-102,Cantilever Adjustment,MEDIUM,1.5,2026-10-05 09:00:00
TDM-HC-3442,Howrah-Chennai,OHE-HC-172,Insulator Flashover,MEDIUM,2.0,2026-10-04 02:00:00
TDM-DH-3443,Delhi-Howrah,OHE-DH-193,Neutral Section Inspection,MEDIUM,1.5,2026-10-06 14:00:00
TDM-HC-3444,Howrah-Chennai,OHE-HC-190,Insulator Flashover,MEDIUM,2.0,2026-10-07 22:00:00
TDM-MC-3445,Mumbai-Chennai,OHE-MC-113,Neutral Section Inspection,MEDIUM,2.0,2026-10-06 10:00:00
TDM-HC-3446,Howrah-Chennai,OHE-HC-188,Insulator Flashover,MEDIUM,2.0,2026-10-01 21:00:00
TDM-DH-3447,Delhi-Howrah,OHE-DH-127,Insulator Flashover,MEDIUM,1.5,2026-10-03 10:00:00
TDM-MC-3448,Mumbai-Chennai,OHE-MC-117,Insulator Flashover,MEDIUM,1.5,2026-10-07 00:00:00
TDM-HC-3449,Howrah-Chennai,OHE-HC-193,Insulator Flashover,MEDIUM,1.5,2026-10-02 20:00:00
TDM-HC-3450,Howrah-Chennai,OHE-HC-170,Insulator Flashover,MEDIUM,1.5,2026-10-03 11:00:00
TDM-DH-3451,Delhi-Howrah,OHE-DH-174,Neutral Section Inspection,MEDIUM,1.5,2026-10-04 13:00:00
TDM-HC-3452,Howrah-Chennai,OHE-HC-158,Neutral Section Inspection,MEDIUM,2.0,2026-10-01 16:00:00
TDM-MC-3453,Mumbai-Chennai,OHE-MC-139,Insulator Flashover,MEDIUM,2.0,2026-10-02 19:00:00
TDM-HC-3454,Howrah-Chennai,OHE-HC-143,Neutral Section Inspection,MEDIUM,1.5,2026-10-03 10:00:00
TDM-DM-3455,Delhi-Mumbai,OHE-DM-156,OHE Wire Sagging,CRITICAL,2.0,2026-10-06 23:00:00
TDM-HC-3456,Howrah-Chennai,OHE-HC-192,Cantilever Adjustment,MEDIUM,1.5,2026-10-05 19:00:00
TDM-DM-3457,Delhi-Mumbai,OHE-DM-140,OHE Wire Sagging,CRITICAL,2.0,2026-10-07 14:00:00
TDM-HC-3458,Howrah-Chennai,OHE-HC-190,Cantilever Adjustment,MEDIUM,2.0,2026-10-01 22:00:00
TDM-DH-3459,Delhi-Howrah,OHE-DH-157,Insulator Flashover,MEDIUM,2.0,2026-10-05 17:00:00
TDM-DH-3460,Delhi-Howrah,OHE-DH-190,Neutral Section Inspection,MEDIUM,2.0,2026-10-02 12:00:00
TDM-HC-3461,Howrah-Chennai,OHE-HC-132,Neutral Section Inspection,MEDIUM,1.5,2026-10-03 15:00:00
TDM-DM-3462,Delhi-Mumbai,OHE-DM-109,OHE Wire Sagging,CRITICAL,3.0,2026-10-06 23:00:00
TDM-DM-3463,Delhi-Mumbai,OHE-DM-158,OHE Wire Sagging,CRITICAL,3.0,2026-10-02 03:00:00
TDM-MC-3464,Mumbai-Chennai,OHE-MC-152,Neutral Section Inspection,MEDIUM,1.5,2026-10-06 07:00:00
TDM-HC-3465,Howrah-Chennai,OHE-HC-196,Neutral Section Inspection,MEDIUM,1.5,2026-10-05 19:00:00
TDM-DM-3466,Delhi-Mumbai,OHE-DM-197,OHE Wire Sagging,CRITICAL,2.0,2026-10-04 17:00:00
TDM-DM-3467,Delhi-Mumbai,OHE-DM-128,OHE Wire Sagging,CRITICAL,3.0,2026-10-06 04:00:00
TDM-DH-3468,Delhi-Howrah,OHE-DH-178,Neutral Section Inspection,MEDIUM,2.0,2026-10-06 12:00:00
TDM-HC-3469,Howrah-Chennai,OHE-HC-173,Cantilever Adjustment,MEDIUM,2.0,2026-10-05 08:00:00
TDM-DH-3470,Delhi-Howrah,OHE-DH-182,Cantilever Adjustment,MEDIUM,2.0,2026-10-04 07:00:00
TDM-MC-3471,Mumbai-Chennai,OHE-MC-153,Neutral Section Inspection,MEDIUM,3.0,2026-10-04 12:00:00
TDM-MC-3472,Mumbai-Chennai,OHE-MC-188,Cantilever Adjustment,MEDIUM,3.0,2026-10-03 01:00:00
TDM-MC-3473,Mumbai-Chennai,OHE-MC-119,Neutral Section Inspection,MEDIUM,3.0,2026-10-06 08:00:00
TDM-HC-3474,Howrah-Chennai,OHE-HC-145,Cantilever Adjustment,MEDIUM,3.0,2026-10-06 06:00:00
TDM-DH-3475,Delhi-Howrah,OHE-DH-129,Cantilever Adjustment,MEDIUM,1.5,2026-10-03 02:00:00
TDM-DM-3476,Delhi-Mumbai,OHE-DM-161,OHE Wire Sagging,CRITICAL,2.0,2026-10-04 08:00:00
TDM-DM-3477,Delhi-Mumbai,OHE-DM-195,OHE Wire Sagging,CRITICAL,2.0,2026-10-01 08:00:00
TDM-DM-3478,Delhi-Mumbai,OHE-DM-189,OHE Wire Sagging,CRITICAL,2.0,2026-10-02 08:00:00
TDM-MC-3479,Mumbai-Chennai,OHE-MC-127,Neutral Section Inspection,MEDIUM,2.0,2026-10-01 07:00:00
TDM-DM-3480,Delhi-Mumbai,OHE-DM-103,OHE Wire Sagging,CRITICAL,2.0,2026-10-02 23:00:00
TDM-DM-3481,Delhi-Mumbai,OHE-DM-151,OHE Wire Sagging,CRITICAL,2.0,2026-10-02 20:00:00
TDM-DH-3482,Delhi-Howrah,OHE-DH-156,Neutral Section Inspection,MEDIUM,2.0,2026-10-05 13:00:00
TDM-DH-3483,Delhi-Howrah,OHE-DH-178,Cantilever Adjustment,MEDIUM,3.0,2026-10-04 17:00:00
TDM-DH-3484,Delhi-Howrah,OHE-DH-195,Insulator Flashover,MEDIUM,2.0,2026-10-02 13:00:00
TDM-MC-3485,Mumbai-Chennai,OHE-MC-188,Cantilever Adjustment,MEDIUM,3.0,2026-10-02 05:00:00
TDM-MC-3486,Mumbai-Chennai,OHE-MC-140,Insulator Flashover,MEDIUM,3.0,2026-10-05 10:00:00
TDM-HC-3487,Howrah-Chennai,OHE-HC-169,Neutral Section Inspection,MEDIUM,2.0,2026-10-04 05:00:00
TDM-HC-3488,Howrah-Chennai,OHE-HC-179,Neutral Section Inspection,MEDIUM,1.5,2026-10-07 01:00:00
TDM-MC-3489,Mumbai-Chennai,OHE-MC-190,Insulator Flashover,MEDIUM,3.0,2026-10-02 06:00:00
TDM-DM-3490,Delhi-Mumbai,OHE-DM-173,OHE Wire Sagging,CRITICAL,2.0,2026-10-05 23:00:00
TDM-DH-3491,Delhi-Howrah,OHE-DH-143,Cantilever Adjustment,MEDIUM,1.5,2026-10-05 03:00:00
TDM-HC-3492,Howrah-Chennai,OHE-HC-173,Cantilever Adjustment,MEDIUM,3.0,2026-10-07 18:00:00
TDM-MC-3493,Mumbai-Chennai,OHE-MC-103,Insulator Flashover,MEDIUM,2.0,2026-10-01 20:00:00
TDM-DH-3494,Delhi-Howrah,OHE-DH-115,Insulator Flashover,MEDIUM,3.0,2026-10-03 22:00:00
TDM-MC-3495,Mumbai-Chennai,OHE-MC-124,Neutral Section Inspection,MEDIUM,1.5,2026-10-05 01:00:00
TDM-HC-3496,Howrah-Chennai,OHE-HC-179,Neutral Section Inspection,MEDIUM,1.5,2026-10-06 06:00:00
TDM-MC-3497,Mumbai-Chennai,OHE-MC-101,Insulator Flashover,MEDIUM,3.0,2026-10-05 20:00:00
TDM-DH-3498,Delhi-Howrah,OHE-DH-174,Neutral Section Inspection,MEDIUM,2.0,2026-10-04 15:00:00
TDM-MC-3499,Mumbai-Chennai,OHE-MC-190,Neutral Section Inspection,MEDIUM,2.0,2026-10-07 03:00:00
TDM-DM-3500,Delhi-Mumbai,OHE-DM-111,OHE Wire Sagging,CRITICAL,2.0,2026-10-06 15:00:00
TDM-DH-3501,Delhi-Howrah,OHE-DH-177,Cantilever Adjustment,MEDIUM,2.0,2026-10-02 13:00:00
TDM-DH-3502,Delhi-Howrah,OHE-DH-147,Insulator Flashover,MEDIUM,1.5,2026-10-06 14:00:00
TDM-HC-3503,Howrah-Chennai,OHE-HC-169,Cantilever Adjustment,MEDIUM,1.5,2026-10-02 14:00:00
TDM-DH-3504,Delhi-Howrah,OHE-DH-142,Neutral Section Inspection,MEDIUM,2.0,2026-10-04 15:00:00
TDM-DH-3505,Delhi-Howrah,OHE-DH-160,Insulator Flashover,MEDIUM,2.0,2026-10-03 23:00:00
TDM-HC-3506,Howrah-Chennai,OHE-HC-138,Insulator Flashover,MEDIUM,1.5,2026-10-03 17:00:00
TDM-MC-3507,Mumbai-Chennai,OHE-MC-141,Insulator Flashover,MEDIUM,2.0,2026-10-03 06:00:00
TDM-MC-3508,Mumbai-Chennai,OHE-MC-147,Insulator Flashover,MEDIUM,2.0,2026-10-01 18:00:00
TDM-DM-3509,Delhi-Mumbai,OHE-DM-188,OHE Wire Sagging,CRITICAL,1.5,2026-10-04 23:00:00
TDM-DM-3510,Delhi-Mumbai,OHE-DM-125,OHE Wire Sagging,CRITICAL,2.0,2026-10-06 17:00:00
TDM-DM-3511,Delhi-Mumbai,OHE-DM-119,OHE Wire Sagging,CRITICAL,2.0,2026-10-07 19:00:00
TDM-DH-3512,Delhi-Howrah,OHE-DH-173,Cantilever Adjustment,MEDIUM,1.5,2026-10-05 20:00:00
TDM-MC-3513,Mumbai-Chennai,OHE-MC-117,Insulator Flashover,MEDIUM,2.0,2026-10-07 10:00:00
TDM-DH-3514,Delhi-Howrah,OHE-DH-143,Neutral Section Inspection,MEDIUM,1.5,2026-10-02 19:00:00
TDM-DH-3515,Delhi-Howrah,OHE-DH-115,Cantilever Adjustment,MEDIUM,2.0,2026-10-07 01:00:00
TDM-HC-3516,Howrah-Chennai,OHE-HC-124,Cantilever Adjustment,MEDIUM,3.0,2026-10-06 04:00:00
TDM-MC-3517,Mumbai-Chennai,OHE-MC-198,Cantilever Adjustment,MEDIUM,2.0,2026-10-04 22:00:00
TDM-DM-3518,Delhi-Mumbai,OHE-DM-186,OHE Wire Sagging,CRITICAL,1.5,2026-10-06 12:00:00
TDM-DM-3519,Delhi-Mumbai,OHE-DM-192,OHE Wire Sagging,CRITICAL,2.0,2026-10-05 04:00:00
TDM-HC-3520,Howrah-Chennai,OHE-HC-186,Neutral Section Inspection,MEDIUM,1.5,2026-10-02 13:00:00
TDM-HC-3521,Howrah-Chennai,OHE-HC-131,Cantilever Adjustment,MEDIUM,1.5,2026-10-03 19:00:00
TDM-DH-3522,Delhi-Howrah,OHE-DH-174,Insulator Flashover,MEDIUM,2.0,2026-10-01 10:00:00
TDM-HC-3523,Howrah-Chennai,OHE-HC-189,Neutral Section Inspection,MEDIUM,2.0,2026-10-05 22:00:00
TDM-MC-3524,Mumbai-Chennai,OHE-MC-154,Cantilever Adjustment,MEDIUM,2.0,2026-10-01 23:00:00
TDM-DM-3525,Delhi-Mumbai,OHE-DM-175,OHE Wire Sagging,CRITICAL,1.5,2026-10-05 15:00:00
TDM-DH-3526,Delhi-Howrah,OHE-DH-143,Cantilever Adjustment,MEDIUM,2.0,2026-10-02 09:00:00
TDM-DM-3527,Delhi-Mumbai,OHE-DM-146,OHE Wire Sagging,CRITICAL,1.5,2026-10-06 18:00:00
TDM-MC-3528,Mumbai-Chennai,OHE-MC-126,Insulator Flashover,MEDIUM,1.5,2026-10-07 09:00:00
TDM-DH-3529,Delhi-Howrah,OHE-DH-145,Insulator Flashover,MEDIUM,2.0,2026-10-06 05:00:00
TDM-DH-3530,Delhi-Howrah,OHE-DH-128,Neutral Section Inspection,MEDIUM,2.0,2026-10-05 10:00:00
TDM-HC-3531,Howrah-Chennai,OHE-HC-166,Insulator Flashover,MEDIUM,2.0,2026-10-08 04:00:00
TDM-DM-3532,Delhi-Mumbai,OHE-DM-161,OHE Wire Sagging,CRITICAL,3.0,2026-10-07 06:00:00
TDM-HC-3533,Howrah-Chennai,OHE-HC-172,Cantilever Adjustment,MEDIUM,1.5,2026-10-03 15:00:00
TDM-DM-3534,Delhi-Mumbai,OHE-DM-188,OHE Wire Sagging,CRITICAL,2.0,2026-10-07 03:00:00
TDM-HC-3535,Howrah-Chennai,OHE-HC-109,Neutral Section Inspection,MEDIUM,2.0,2026-10-03 12:00:00
TDM-MC-3536,Mumbai-Chennai,OHE-MC-182,Cantilever Adjustment,MEDIUM,3.0,2026-10-01 08:00:00
TDM-DH-3537,Delhi-Howrah,OHE-DH-175,Cantilever Adjustment,MEDIUM,1.5,2026-10-04 14:00:00
TDM-HC-3538,Howrah-Chennai,OHE-HC-107,Insulator Flashover,MEDIUM,2.0,2026-10-06 12:00:00
TDM-DH-3539,Delhi-Howrah,OHE-DH-178,Neutral Section Inspection,MEDIUM,1.5,2026-10-05 17:00:00
TDM-MC-3540,Mumbai-Chennai,OHE-MC-181,Neutral Section Inspection,MEDIUM,3.0,2026-10-06 20:00:00
TDM-HC-3541,Howrah-Chennai,OHE-HC-173,Insulator Flashover,MEDIUM,1.5,2026-10-05 05:00:00
TDM-MC-3542,Mumbai-Chennai,OHE-MC-154,Neutral Section Inspection,MEDIUM,2.0,2026-10-03 17:00:00
TDM-MC-3543,Mumbai-Chennai,OHE-MC-158,Neutral Section Inspection,MEDIUM,2.0,2026-10-03 15:00:00
TDM-DM-3544,Delhi-Mumbai,OHE-DM-139,OHE Wire Sagging,CRITICAL,2.0,2026-10-03 13:00:00
TDM-DM-3545,Delhi-Mumbai,OHE-DM-176,OHE Wire Sagging,CRITICAL,2.0,2026-10-02 03:00:00
TDM-MC-3546,Mumbai-Chennai,OHE-MC-143,Cantilever Adjustment,MEDIUM,2.0,2026-10-05 23:00:00
TDM-MC-3547,Mumbai-Chennai,OHE-MC-164,Cantilever Adjustment,MEDIUM,1.5,2026-10-04 03:00:00
TDM-MC-3548,Mumbai-Chennai,OHE-MC-128,Cantilever Adjustment,MEDIUM,2.0,2026-10-03 09:00:00
TDM-DM-3549,Delhi-Mumbai,OHE-DM-104,OHE Wire Sagging,CRITICAL,2.0,2026-10-05 18:00:00
TDM-HC-3550,Howrah-Chennai,OHE-HC-147,Cantilever Adjustment,MEDIUM,3.0,2026-10-02 05:00:00
TDM-DH-3551,Delhi-Howrah,OHE-DH-135,Insulator Flashover,MEDIUM,1.5,2026-10-03 17:00:00
TDM-MC-3552,Mumbai-Chennai,OHE-MC-103,Insulator Flashover,MEDIUM,2.0,2026-10-02 11:00:00
TDM-DM-3553,Delhi-Mumbai,OHE-DM-133,OHE Wire Sagging,CRITICAL,1.5,2026-10-06 08:00:00
TDM-DH-3554,Delhi-Howrah,OHE-DH-114,Insulator Flashover,MEDIUM,2.0,2026-10-07 23:00:00
TDM-DH-3555,Delhi-Howrah,OHE-DH-187,Neutral Section Inspection,MEDIUM,2.0,2026-10-07 13:00:00
TDM-MC-3556,Mumbai-Chennai,OHE-MC-143,Insulator Flashover,MEDIUM,1.5,2026-10-02 08:00:00
TDM-DM-3557,Delhi-Mumbai,OHE-DM-138,OHE Wire Sagging,CRITICAL,2.0,2026-10-02 11:00:00
TDM-HC-3558,Howrah-Chennai,OHE-HC-160,Neutral Section Inspection,MEDIUM,3.0,2026-10-03 19:00:00
TDM-DH-3559,Delhi-Howrah,OHE-DH-146,Neutral Section Inspection,MEDIUM,2.0,2026-10-04 12:00:00
TDM-DM-3560,Delhi-Mumbai,OHE-DM-157,OHE Wire Sagging,CRITICAL,1.5,2026-10-03 02:00:00
TDM-MC-3561,Mumbai-Chennai,OHE-MC-177,Insulator Flashover,MEDIUM,3.0,2026-10-07 02:00:00
TDM-HC-3562,Howrah-Chennai,OHE-HC-139,Neutral Section Inspection,MEDIUM,2.0,2026-10-02 11:00:00
TDM-DM-3563,Delhi-Mumbai,OHE-DM-170,OHE Wire Sagging,CRITICAL,2.0,2026-10-02 13:00:00
TDM-DM-3564,Delhi-Mumbai,OHE-DM-146,OHE Wire Sagging,CRITICAL,2.0,2026-10-03 10:00:00
TDM-DH-3565,Delhi-Howrah,OHE-DH-141,Cantilever Adjustment,MEDIUM,3.0,2026-10-06 17:00:00
TDM-HC-3566,Howrah-Chennai,OHE-HC-152,Cantilever Adjustment,MEDIUM,1.5,2026-10-07 18:00:00
TDM-HC-3567,Howrah-Chennai,OHE-HC-196,Neutral Section Inspection,MEDIUM,1.5,2026-10-04 03:00:00
TDM-MC-3568,Mumbai-Chennai,OHE-MC-161,Neutral Section Inspection,MEDIUM,3.0,2026-10-07 14:00:00
TDM-HC-3569,Howrah-Chennai,OHE-HC-161,Cantilever Adjustment,MEDIUM,1.5,2026-10-07 08:00:00
TDM-MC-3570,Mumbai-Chennai,OHE-MC-107,Insulator Flashover,MEDIUM,2.0,2026-10-05 23:00:00
TDM-MC-3571,Mumbai-Chennai,OHE-MC-172,Insulator Flashover,MEDIUM,2.0,2026-10-06 18:00:00
TDM-DH-3572,Delhi-Howrah,OHE-DH-133,Insulator Flashover,MEDIUM,1.5,2026-10-02 20:00:00
TDM-DH-3573,Delhi-Howrah,OHE-DH-126,Cantilever Adjustment,MEDIUM,2.0,2026-10-02 21:00:00
TDM-DH-3574,Delhi-Howrah,OHE-DH-133,Cantilever Adjustment,MEDIUM,3.0,2026-10-02 02:00:00
TDM-MC-3575,Mumbai-Chennai,OHE-MC-145,Insulator Flashover,MEDIUM,1.5,2026-10-06 13:00:00
TDM-DH-3576,Delhi-Howrah,OHE-DH-182,Neutral Section Inspection,MEDIUM,3.0,2026-10-03 00:00:00
TDM-MC-3577,Mumbai-Chennai,OHE-MC-173,Insulator Flashover,MEDIUM,1.5,2026-10-06 01:00:00
TDM-DH-3578,Delhi-Howrah,OHE-DH-151,Insulator Flashover,MEDIUM,3.0,2026-10-04 12:00:00
TDM-DM-3579,Delhi-Mumbai,OHE-DM-103,OHE Wire Sagging,CRITICAL,2.0,2026-10-07 14:00:00
TDM-DM-3580,Delhi-Mumbai,OHE-DM-113,OHE Wire Sagging,CRITICAL,2.0,2026-10-05 22:00:00
TDM-HC-3581,Howrah-Chennai,OHE-HC-119,Insulator Flashover,MEDIUM,3.0,2026-10-07 12:00:00
TDM-HC-3582,Howrah-Chennai,OHE-HC-132,Insulator Flashover,MEDIUM,2.0,2026-10-04 19:00:00
TDM-HC-3583,Howrah-Chennai,OHE-HC-109,Cantilever Adjustment,MEDIUM,1.5,2026-10-01 08:00:00
TDM-HC-3584,Howrah-Chennai,OHE-HC-120,Cantilever Adjustment,MEDIUM,3.0,2026-10-04 04:00:00
TDM-DM-3585,Delhi-Mumbai,OHE-DM-189,OHE Wire Sagging,CRITICAL,1.5,2026-10-05 04:00:00
TDM-MC-3586,Mumbai-Chennai,OHE-MC-187,Neutral Section Inspection,MEDIUM,3.0,2026-10-07 16:00:00
TDM-MC-3587,Mumbai-Chennai,OHE-MC-195,Insulator Flashover,MEDIUM,1.5,2026-10-06 07:00:00
TDM-DM-3588,Delhi-Mumbai,OHE-DM-127,OHE Wire Sagging,CRITICAL,2.0,2026-10-04 20:00:00
TDM-MC-3589,Mumbai-Chennai,OHE-MC-196,Cantilever Adjustment,MEDIUM,2.0,2026-10-05 09:00:00
TDM-DM-3590,Delhi-Mumbai,OHE-DM-196,OHE Wire Sagging,CRITICAL,2.0,2026-10-02 13:00:00
TDM-HC-3591,Howrah-Chennai,OHE-HC-112,Insulator Flashover,MEDIUM,2.0,2026-10-04 06:00:00
TDM-MC-3592,Mumbai-Chennai,OHE-MC-138,Insulator Flashover,MEDIUM,2.0,2026-10-02 01:00:00
TDM-MC-3593,Mumbai-Chennai,OHE-MC-133,Cantilever Adjustment,MEDIUM,2.0,2026-10-03 22:00:00
TDM-DH-3594,Delhi-Howrah,OHE-DH-192,Neutral Section Inspection,MEDIUM,2.0,2026-10-04 14:00:00
TDM-HC-3595,Howrah-Chennai,OHE-HC-119,Insulator Flashover,MEDIUM,2.0,2026-10-01 15:00:00
TDM-DM-3596,Delhi-Mumbai,OHE-DM-173,OHE Wire Sagging,CRITICAL,2.0,2026-10-03 03:00:00
TDM-MC-3597,Mumbai-Chennai,OHE-MC-133,Cantilever Adjustment,MEDIUM,1.5,2026-10-01 12:00:00
TDM-DM-3598,Delhi-Mumbai,OHE-DM-155,OHE Wire Sagging,CRITICAL,1.5,2026-10-04 14:00:00
TDM-DH-3599,Delhi-Howrah,OHE-DH-182,Insulator Flashover,MEDIUM,3.0,2026-10-06 22:00:00
TDM-HC-3600,Howrah-Chennai,OHE-HC-125,Cantilever Adjustment,MEDIUM,2.0,2026-10-04 16:00:00
