defect_id,gq_corridor,railway_zone,block_section,track_km,defect_type,urgency_level,ambient_temp_c,required_block_hours,logged_timestamp
TMS-HC-1001,Howrah-Chennai,ECoR-SR,BRC-MMCT,211.26,Track Creep,HIGH,32.4,2.0,2026-10-04 09:00:00
TMS-HC-1002,Howrah-Chennai,ECoR-SR,CNB-PRYJ,82.77,Ballast Pounding,MEDIUM,35.5,2.0,2026-10-07 20:00:00
TMS-DH-1003,Delhi-Howrah,NCR-ER,BRC-MMCT,806.55,Sun Kink/Track Buckling,CRITICAL,29.4,3.5,2026-10-04 23:00:00
TMS-DM-1004,Delhi-Mumbai,NWR-WR,SUR-PUNE,70.2,Weld Fracture,CRITICAL,44.9,3.5,2026-10-01 21:00:00
TMS-DH-1005,Delhi-Howrah,NCR-ER,KOTA-RMA,503.38,Sun Kink/Track Buckling,CRITICAL,31.4,3.5,2026-10-06 17:00:00
TMS-DM-1006,Delhi-Mumbai,NWR-WR,BRC-MMCT,591.14,Weld Fracture,CRITICAL,39.6,3.5,2026-10-04 23:00:00
TMS-MC-1007,Mumbai-Chennai,CR-SCR,MTJ-KOTA,892.66,Track Creep,HIGH,22.4,1.5,2026-10-01 14:00:00
TMS-HC-1008,Howrah-Chennai,ECoR-SR,NDLS-MTJ,343.83,Weld Fracture,CRITICAL,35.1,3.5,2026-10-01 08:00:00
TMS-DH-1009,Delhi-Howrah,NCR-ER,SUR-PUNE,742.33,Weld Fracture,CRITICAL,26.2,3.5,2026-10-07 08:00:00
TMS-DH-1010,Delhi-Howrah,NCR-ER,SUR-PUNE,1164.33,Weld Fracture,CRITICAL,29.3,3.5,2026-10-03 06:00:00
TMS-HC-1011,Howrah-Chennai,ECoR-SR,DDU-ASN,681.88,Sun Kink/Track Buckling,CRITICAL,36.8,3.5,2026-10-04 16:00:00
TMS-HC-1012,Howrah-Chennai,ECoR-SR,BZA-MAS,392.19,Ballast Pounding,HIGH,32.4,1.5,2026-10-04 23:00:00
TMS-HC-1013,Howrah-Chennai,ECoR-SR,NDLS-MTJ,266.34,Weld Fracture,CRITICAL,31.5,3.5,2026-10-07 01:00:00
TMS-HC-1014,Howrah-Chennai,ECoR-SR,BRC-MMCT,1204.93,Track Creep,MEDIUM,35.1,2.0,2026-10-02 10:00:00
TMS-HC-1015,Howrah-Chennai,ECoR-SR,DDU-ASN,411.17,Ballast Pounding,HIGH,33.3,1.5,2026-10-05 09:00:00
TMS-MC-1016,Mumbai-Chennai,CR-SCR,BRC-MMCT,1263.51,Track Creep,MEDIUM,24.7,2.0,2026-10-01 11:00:00
TMS-DH-1017,Delhi-Howrah,NCR-ER,DDU-ASN,62.16,Weld Fracture,CRITICAL,29.9,3.5,2026-10-05 00:00:00
TMS-DH-1018,Delhi-Howrah,NCR-ER,KOTA-RMA,50.54,Weld Fracture,CRITICAL,29.5,3.5,2026-10-03 10:00:00
TMS-DM-1019,Delhi-Mumbai,NWR-WR,BRC-MMCT,331.59,Weld Fracture,CRITICAL,41.8,3.5,2026-10-02 11:00:00
TMS-MC-1020,Mumbai-Chennai,CR-SCR,MTJ-KOTA,815.42,Ballast Pounding,HIGH,21.6,2.0,2026-10-06 20:00:00
TMS-MC-1021,Mumbai-Chennai,CR-SCR,SUR-PUNE,167.49,Ballast Pounding,HIGH,22.0,2.5,2026-10-06 15:00:00
TMS-DM-1022,Delhi-Mumbai,NWR-WR,BZA-MAS,1065.24,Weld Fracture,CRITICAL,44.2,3.5,2026-10-05 13:00:00
TMS-DH-1023,Delhi-Howrah,NCR-ER,BZA-MAS,635.43,Weld Fracture,CRITICAL,29.8,3.5,2026-10-07 14:00:00
TMS-HC-1024,Howrah-Chennai,ECoR-SR,HWH-KGP,916.89,Weld Fracture,CRITICAL,33.5,3.5,2026-10-03 10:00:00
TMS-MC-1025,Mumbai-Chennai,CR-SCR,MTJ-KOTA,928.83,Weld Fracture,CRITICAL,20.8,3.5,2026-10-04 15:00:00
TMS-HC-1026,Howrah-Chennai,ECoR-SR,BRC-MMCT,455.14,Track Creep,HIGH,35.0,1.5,2026-10-06 12:00:00
TMS-DH-1027,Delhi-Howrah,NCR-ER,SUR-PUNE,1281.49,Weld Fracture,CRITICAL,27.3,3.5,2026-10-04 02:00:00
TMS-HC-1028,Howrah-Chennai,ECoR-SR,HWH-KGP,616.69,Track Creep,HIGH,36.9,2.0,2026-10-07 01:00:00
TMS-HC-1029,Howrah-Chennai,ECoR-SR,NDLS-MTJ,204.43,Sun Kink/Track Buckling,CRITICAL,34.3,3.5,2026-10-05 03:00:00
TMS-HC-1030,Howrah-Chennai,ECoR-SR,KOTA-RMA,1054.26,Track Creep,MEDIUM,33.4,1.5,2026-10-03 10:00:00
TMS-DM-1031,Delhi-Mumbai,NWR-WR,DDU-ASN,1218.38,Weld Fracture,CRITICAL,40.3,3.5,2026-10-07 13:00:00
TMS-HC-1032,Howrah-Chennai,ECoR-SR,SUR-PUNE,1277.0,Ballast Pounding,HIGH,34.3,2.0,2026-10-05 23:00:00
TMS-DH-1033,Delhi-Howrah,NCR-ER,DDU-ASN,447.35,Ballast Pounding,MEDIUM,27.9,2.0,2026-10-03 06:00:00
TMS-MC-1034,Mumbai-Chennai,CR-SCR,HWH-KGP,1107.7,Ballast Pounding,MEDIUM,25.1,2.0,2026-10-08 02:00:00
TMS-DH-1035,Delhi-Howrah,NCR-ER,BZA-MAS,865.92,Track Creep,HIGH,26.0,2.0,2026-10-06 14:00:00
TMS-DH-1036,Delhi-Howrah,NCR-ER,CNB-PRYJ,588.47,Weld Fracture,CRITICAL,31.5,3.5,2026-10-07 23:00:00
TMS-MC-1037,Mumbai-Chennai,CR-SCR,BRC-MMCT,240.68,Weld Fracture,CRITICAL,22.0,3.5,2026-10-06 22:00:00
TMS-HC-1038,Howrah-Chennai,ECoR-SR,KOTA-RMA,830.87,Track Creep,HIGH,32.9,2.0,2026-10-07 20:00:00
TMS-DH-1039,Delhi-Howrah,NCR-ER,MTJ-KOTA,461.6,Ballast Pounding,HIGH,29.5,2.5,2026-10-05 21:00:00
TMS-MC-1040,Mumbai-Chennai,CR-SCR,RMA-BRC,41.37,Ballast Pounding,HIGH,23.6,2.0,2026-10-01 23:00:00
TMS-MC-1041,Mumbai-Chennai,CR-SCR,KOTA-RMA,974.56,Ballast Pounding,MEDIUM,25.2,2.5,2026-10-05 03:00:00
TMS-DM-1042,Delhi-Mumbai,NWR-WR,KOTA-RMA,1274.63,Weld Fracture,CRITICAL,39.9,3.5,2026-10-07 22:00:00
TMS-HC-1043,Howrah-Chennai,ECoR-SR,KOTA-RMA,228.65,Weld Fracture,CRITICAL,34.6,3.5,2026-10-03 12:00:00
TMS-DH-1044,Delhi-Howrah,NCR-ER,CNB-PRYJ,472.65,Ballast Pounding,HIGH,27.4,1.5,2026-10-06 16:00:00
TMS-DH-1045,Delhi-Howrah,NCR-ER,DDU-ASN,388.73,Track Creep,MEDIUM,30.5,2.0,2026-10-05 09:00:00
TMS-DH-1046,Delhi-Howrah,NCR-ER,BZA-MAS,819.98,Ballast Pounding,MEDIUM,27.1,2.0,2026-10-01 14:00:00
TMS-MC-1047,Mumbai-Chennai,CR-SCR,KOTA-RMA,446.01,Weld Fracture,CRITICAL,22.1,3.5,2026-10-04 00:00:00
TMS-MC-1048,Mumbai-Chennai,CR-SCR,CNB-PRYJ,772.17,Track Creep,HIGH,20.2,2.0,2026-10-04 04:00:00
TMS-HC-1049,Howrah-Chennai,ECoR-SR,BRC-MMCT,683.69,Weld Fracture,CRITICAL,35.7,3.5,2026-10-05 18:00:00
TMS-DM-1050,Delhi-Mumbai,NWR-WR,CNB-PRYJ,76.67,Weld Fracture,CRITICAL,42.4,3.5,2026-10-03 05:00:00
TMS-HC-1051,Howrah-Chennai,ECoR-SR,SUR-PUNE,426.61,Track Creep,MEDIUM,35.9,2.5,2026-10-03 21:00:00
TMS-HC-1052,Howrah-Chennai,ECoR-SR,DDU-ASN,333.61,Weld Fracture,CRITICAL,32.5,3.5,2026-10-03 20:00:00
TMS-HC-1053,Howrah-Chennai,ECoR-SR,BRC-MMCT,85.07,Weld Fracture,CRITICAL,36.5,3.5,2026-10-02 16:00:00
TMS-MC-1054,Mumbai-Chennai,CR-SCR,BZA-MAS,861.65,Weld Fracture,CRITICAL,21.5,3.5,2026-10-01 22:00:00
TMS-DM-1055,Delhi-Mumbai,NWR-WR,DDU-ASN,71.55,Track Creep,HIGH,42.6,2.0,2026-10-04 20:00:00
TMS-DM-1056,Delhi-Mumbai,NWR-WR,BRC-MMCT,131.46,Sun Kink/Track Buckling,CRITICAL,41.2,3.5,2026-10-07 06:00:00
TMS-DH-1057,Delhi-Howrah,NCR-ER,BRC-MMCT,524.07,Track Creep,MEDIUM,29.4,2.0,2026-10-04 03:00:00
TMS-MC-1058,Mumbai-Chennai,CR-SCR,SUR-PUNE,817.36,Sun Kink/Track Buckling,CRITICAL,22.8,3.5,2026-10-01 07:00:00
TMS-MC-1059,Mumbai-Chennai,CR-SCR,DDU-ASN,1228.08,Track Creep,HIGH,24.8,1.5,2026-10-07 22:00:00
TMS-HC-1060,Howrah-Chennai,ECoR-SR,NDLS-MTJ,601.15,Ballast Pounding,MEDIUM,34.5,2.0,2026-10-05 11:00:00
TMS-MC-1061,Mumbai-Chennai,CR-SCR,NDLS-MTJ,850.42,Weld Fracture,CRITICAL,21.1,3.5,2026-10-02 11:00:00
TMS-DM-1062,Delhi-Mumbai,NWR-WR,MTJ-KOTA,60.26,Sun Kink/Track Buckling,CRITICAL,42.9,3.5,2026-10-04 15:00:00
TMS-DH-1063,Delhi-Howrah,NCR-ER,SUR-PUNE,889.28,Weld Fracture,CRITICAL,27.9,3.5,2026-10-06 01:00:00
TMS-DM-1064,Delhi-Mumbai,NWR-WR,SUR-PUNE,908.79,Weld Fracture,CRITICAL,43.0,3.5,2026-10-07 19:00:00
TMS-MC-1065,Mumbai-Chennai,CR-SCR,SUR-PUNE,556.28,Track Creep,MEDIUM,23.1,1.5,2026-10-05 09:00:00
TMS-MC-1066,Mumbai-Chennai,CR-SCR,NDLS-MTJ,1011.57,Sun Kink/Track Buckling,CRITICAL,21.9,3.5,2026-10-02 19:00:00
TMS-MC-1067,Mumbai-Chennai,CR-SCR,DDU-ASN,983.36,Weld Fracture,CRITICAL,20.6,3.5,2026-10-01 23:00:00
TMS-DM-1068,Delhi-Mumbai,NWR-WR,BZA-MAS,422.86,Weld Fracture,CRITICAL,44.4,3.5,2026-10-05 10:00:00
TMS-MC-1069,Mumbai-Chennai,CR-SCR,RMA-BRC,749.73,Ballast Pounding,MEDIUM,23.5,2.0,2026-10-06 03:00:00
TMS-DM-1070,Delhi-Mumbai,NWR-WR,BZA-MAS,724.28,Sun Kink/Track Buckling,CRITICAL,40.7,3.5,2026-10-03 11:00:00
TMS-HC-1071,Howrah-Chennai,ECoR-SR,SUR-PUNE,84.25,Track Creep,HIGH,34.5,2.5,2026-10-06 19:00:00
TMS-HC-1072,Howrah-Chennai,ECoR-SR,BZA-MAS,992.35,Ballast Pounding,HIGH,34.9,1.5,2026-10-01 13:00:00
TMS-DH-1073,Delhi-Howrah,NCR-ER,SUR-PUNE,199.12,Track Creep,HIGH,28.8,2.5,2026-10-08 04:00:00
TMS-HC-1074,Howrah-Chennai,ECoR-SR,NDLS-MTJ,1231.95,Track Creep,MEDIUM,36.9,2.5,2026-10-06 18:00:00
TMS-MC-1075,Mumbai-Chennai,CR-SCR,KOTA-RMA,1012.52,Weld Fracture,CRITICAL,23.1,3.5,2026-10-05 01:00:00
TMS-DH-1076,Delhi-Howrah,NCR-ER,MTJ-KOTA,614.57,Ballast Pounding,HIGH,26.3,2.0,2026-10-03 19:00:00
TMS-HC-1077,Howrah-Chennai,ECoR-SR,BZA-MAS,493.58,Track Creep,MEDIUM,33.1,2.0,2026-10-03 14:00:00
TMS-DM-1078,Delhi-Mumbai,NWR-WR,CNB-PRYJ,1044.72,Sun Kink/Track Buckling,CRITICAL,44.9,3.5,2026-10-03 19:00:00
TMS-HC-1079,Howrah-Chennai,ECoR-SR,BRC-MMCT,336.36,Ballast Pounding,HIGH,35.3,2.5,2026-10-07 08:00:00
TMS-HC-1080,Howrah-Chennai,ECoR-SR,BRC-MMCT,909.03,Track Creep,MEDIUM,33.6,2.0,2026-10-01 18:00:00
TMS-DH-1081,Delhi-Howrah,NCR-ER,BRC-MMCT,367.82,Ballast Pounding,MEDIUM,27.0,2.0,2026-10-05 00:00:00
TMS-MC-1082,Mumbai-Chennai,CR-SCR,MTJ-KOTA,353.06,Weld Fracture,CRITICAL,22.0,3.5,2026-10-07 17:00:00
TMS-DH-1083,Delhi-Howrah,NCR-ER,BZA-MAS,409.29,Sun Kink/Track Buckling,CRITICAL,30.5,3.5,2026-10-07 19:00:00
TMS-DM-1084,Delhi-Mumbai,NWR-WR,BRC-MMCT,801.31,Ballast Pounding,MEDIUM,41.8,2.5,2026-10-03 14:00:00
TMS-DH-1085,Delhi-Howrah,NCR-ER,NDLS-MTJ,1013.11,Ballast Pounding,HIGH,28.6,1.5,2026-10-01 17:00:00
TMS-DM-1086,Delhi-Mumbai,NWR-WR,NDLS-MTJ,1091.44,Track Creep,HIGH,42.1,2.5,2026-10-05 09:00:00
TMS-HC-1087,Howrah-Chennai,ECoR-SR,DDU-ASN,1125.49,Weld Fracture,CRITICAL,36.0,3.5,2026-10-05 05:00:00
TMS-DM-1088,Delhi-Mumbai,NWR-WR,BRC-MMCT,986.63,Ballast Pounding,HIGH,41.6,2.0,2026-10-04 19:00:00
TMS-DH-1089,Delhi-Howrah,NCR-ER,NDLS-MTJ,1240.73,Weld Fracture,CRITICAL,29.3,3.5,2026-10-05 23:00:00
TMS-MC-1090,Mumbai-Chennai,CR-SCR,SUR-PUNE,652.63,Track Creep,HIGH,22.6,1.5,2026-10-01 09:00:00
TMS-HC-1091,Howrah-Chennai,ECoR-SR,NDLS-MTJ,721.96,Weld Fracture,CRITICAL,34.6,3.5,2026-10-03 15:00:00
TMS-DM-1092,Delhi-Mumbai,NWR-WR,DDU-ASN,984.13,Sun Kink/Track Buckling,CRITICAL,42.9,3.5,2026-10-04 00:00:00
TMS-HC-1093,Howrah-Chennai,ECoR-SR,CNB-PRYJ,806.27,Weld Fracture,CRITICAL,36.9,3.5,2026-10-03 08:00:00
TMS-DH-1094,Delhi-Howrah,NCR-ER,MTJ-KOTA,459.25,Track Creep,HIGH,28.8,1.5,2026-10-04 13:00:00
TMS-MC-1095,Mumbai-Chennai,CR-SCR,SUR-PUNE,1122.45,Weld Fracture,CRITICAL,25.2,3.5,2026-10-06 18:00:00
TMS-DH-1096,Delhi-Howrah,NCR-ER,HWH-KGP,69.16,Ballast Pounding,HIGH,29.4,1.5,2026-10-06 12:00:00
TMS-HC-1097,Howrah-Chennai,ECoR-SR,DDU-ASN,175.18,Track Creep,HIGH,32.3,2.0,2026-10-06 04:00:00
TMS-MC-1098,Mumbai-Chennai,CR-SCR,KOTA-RMA,1137.87,Track Creep,HIGH,22.8,2.0,2026-10-07 22:00:00
TMS-DH-1099,Delhi-Howrah,NCR-ER,MTJ-KOTA,369.38,Track Creep,HIGH,27.0,2.5,2026-10-07 11:00:00
TMS-DH-1100,Delhi-Howrah,NCR-ER,BZA-MAS,469.23,Sun Kink/Track Buckling,CRITICAL,30.9,3.5,2026-10-04 12:00:00
TMS-DH-1101,Delhi-Howrah,NCR-ER,BZA-MAS,897.24,Track Creep,HIGH,28.8,2.0,2026-10-05 17:00:00
TMS-HC-1102,Howrah-Chennai,ECoR-SR,NDLS-MTJ,367.17,Weld Fracture,CRITICAL,35.9,3.5,2026-10-05 23:00:00
TMS-HC-1103,Howrah-Chennai,ECoR-SR,HWH-KGP,635.03,Weld Fracture,CRITICAL,34.9,3.5,2026-10-04 12:00:00
TMS-MC-1104,Mumbai-Chennai,CR-SCR,KOTA-RMA,930.22,Track Creep,HIGH,24.9,1.5,2026-10-05 17:00:00
TMS-HC-1105,Howrah-Chennai,ECoR-SR,MTJ-KOTA,587.16,Sun Kink/Track Buckling,CRITICAL,34.4,3.5,2026-10-01 21:00:00
TMS-MC-1106,Mumbai-Chennai,CR-SCR,BRC-MMCT,245.15,Weld Fracture,CRITICAL,23.1,3.5,2026-10-01 23:00:00
TMS-HC-1107,Howrah-Chennai,ECoR-SR,BZA-MAS,1158.78,Sun Kink/Track Buckling,CRITICAL,34.8,3.5,2026-10-04 02:00:00
TMS-DH-1108,Delhi-Howrah,NCR-ER,CNB-PRYJ,767.03,Track Creep,HIGH,30.1,1.5,2026-10-05 23:00:00
TMS-MC-1109,Mumbai-Chennai,CR-SCR,BZA-MAS,445.31,Sun Kink/Track Buckling,CRITICAL,24.9,3.5,2026-10-03 22:00:00
TMS-DH-1110,Delhi-Howrah,NCR-ER,CNB-PRYJ,791.45,Weld Fracture,CRITICAL,27.3,3.5,2026-10-07 12:00:00
TMS-DM-1111,Delhi-Mumbai,NWR-WR,DDU-ASN,639.27,Sun Kink/Track Buckling,CRITICAL,44.2,3.5,2026-10-03 20:00:00
TMS-DH-1112,Delhi-Howrah,NCR-ER,DDU-ASN,1096.59,Weld Fracture,CRITICAL,26.3,3.5,2026-10-02 13:00:00
TMS-MC-1113,Mumbai-Chennai,CR-SCR,RMA-BRC,1260.62,Track Creep,MEDIUM,24.8,2.5,2026-10-06 20:00:00
TMS-DH-1114,Delhi-Howrah,NCR-ER,HWH-KGP,942.54,Weld Fracture,CRITICAL,30.5,3.5,2026-10-04 13:00:00
TMS-HC-1115,Howrah-Chennai,ECoR-SR,CNB-PRYJ,1258.71,Track Creep,HIGH,35.4,2.0,2026-10-02 02:00:00
TMS-DM-1116,Delhi-Mumbai,NWR-WR,NDLS-MTJ,797.7,Weld Fracture,CRITICAL,41.1,3.5,2026-10-02 19:00:00
TMS-DH-1117,Delhi-Howrah,NCR-ER,RMA-BRC,423.63,Weld Fracture,CRITICAL,29.3,3.5,2026-10-06 20:00:00
TMS-DH-1118,Delhi-Howrah,NCR-ER,BRC-MMCT,91.75,Weld Fracture,CRITICAL,31.4,3.5,2026-10-01 19:00:00
TMS-MC-1119,Mumbai-Chennai,CR-SCR,NDLS-MTJ,160.54,Ballast Pounding,HIGH,22.6,2.0,2026-10-02 20:00:00
TMS-HC-1120,Howrah-Chennai,ECoR-SR,MTJ-KOTA,170.34,Track Creep,HIGH,35.5,2.5,2026-10-06 23:00:00
TMS-DH-1121,Delhi-Howrah,NCR-ER,KOTA-RMA,1205.12,Weld Fracture,CRITICAL,30.0,3.5,2026-10-03 18:00:00
TMS-MC-1122,Mumbai-Chennai,CR-SCR,KOTA-RMA,221.9,Track Creep,MEDIUM,24.5,2.0,2026-10-06 09:00:00
TMS-DH-1123,Delhi-Howrah,NCR-ER,RMA-BRC,417.89,Weld Fracture,CRITICAL,29.2,3.5,2026-10-07 08:00:00
TMS-MC-1124,Mumbai-Chennai,CR-SCR,HWH-KGP,496.26,Weld Fracture,CRITICAL,22.5,3.5,2026-10-08 04:00:00
TMS-DM-1125,Delhi-Mumbai,NWR-WR,NDLS-MTJ,515.01,Track Creep,HIGH,42.4,1.5,2026-10-03 11:00:00
TMS-MC-1126,Mumbai-Chennai,CR-SCR,DDU-ASN,160.8,Weld Fracture,CRITICAL,25.2,3.5,2026-10-06 21:00:00
TMS-HC-1127,Howrah-Chennai,ECoR-SR,RMA-BRC,1034.29,Weld Fracture,CRITICAL,34.9,3.5,2026-10-07 17:00:00
TMS-MC-1128,Mumbai-Chennai,CR-SCR,DDU-ASN,194.64,Ballast Pounding,MEDIUM,21.1,2.0,2026-10-04 00:00:00
TMS-DH-1129,Delhi-Howrah,NCR-ER,SUR-PUNE,451.29,Weld Fracture,CRITICAL,30.5,3.5,2026-10-07 21:00:00
TMS-HC-1130,Howrah-Chennai,ECoR-SR,HWH-KGP,203.39,Ballast Pounding,HIGH,32.8,2.0,2026-10-04 10:00:00
TMS-DM-1131,Delhi-Mumbai,NWR-WR,RMA-BRC,933.87,Track Creep,MEDIUM,42.8,2.0,2026-10-07 10:00:00
TMS-HC-1132,Howrah-Chennai,ECoR-SR,DDU-ASN,605.99,Ballast Pounding,HIGH,36.7,1.5,2026-10-07 02:00:00
TMS-DH-1133,Delhi-Howrah,NCR-ER,HWH-KGP,1135.04,Track Creep,HIGH,31.1,2.0,2026-10-05 10:00:00
TMS-MC-1134,Mumbai-Chennai,CR-SCR,SUR-PUNE,1004.91,Track Creep,MEDIUM,22.1,2.0,2026-10-06 23:00:00
TMS-DH-1135,Delhi-Howrah,NCR-ER,HWH-KGP,1094.17,Sun Kink/Track Buckling,CRITICAL,31.0,3.5,2026-10-01 07:00:00
TMS-DH-1136,Delhi-Howrah,NCR-ER,SUR-PUNE,1092.18,Weld Fracture,CRITICAL,26.7,3.5,2026-10-03 15:00:00
TMS-DM-1137,Delhi-Mumbai,NWR-WR,BRC-MMCT,499.3,Ballast Pounding,HIGH,43.6,2.0,2026-10-03 15:00:00
TMS-DM-1138,Delhi-Mumbai,NWR-WR,KOTA-RMA,523.64,Weld Fracture,CRITICAL,42.5,3.5,2026-10-04 09:00:00
TMS-DH-1139,Delhi-Howrah,NCR-ER,MTJ-KOTA,630.28,Weld Fracture,CRITICAL,31.1,3.5,2026-10-06 14:00:00
TMS-HC-1140,Howrah-Chennai,ECoR-SR,KOTA-RMA,330.21,Sun Kink/Track Buckling,CRITICAL,34.7,3.5,2026-10-04 22:00:00
TMS-DM-1141,Delhi-Mumbai,NWR-WR,CNB-PRYJ,293.93,Sun Kink/Track Buckling,CRITICAL,40.7,3.5,2026-10-03 07:00:00
TMS-HC-1142,Howrah-Chennai,ECoR-SR,CNB-PRYJ,120.1,Ballast Pounding,HIGH,37.0,2.0,2026-10-03 07:00:00
TMS-HC-1143,Howrah-Chennai,ECoR-SR,HWH-KGP,1168.49,Track Creep,HIGH,32.6,2.0,2026-10-02 11:00:00
TMS-DM-1144,Delhi-Mumbai,NWR-WR,HWH-KGP,767.82,Sun Kink/Track Buckling,CRITICAL,41.1,3.5,2026-10-06 01:00:00
TMS-HC-1145,Howrah-Chennai,ECoR-SR,CNB-PRYJ,578.58,Weld Fracture,CRITICAL,33.7,3.5,2026-10-08 04:00:00
TMS-HC-1146,Howrah-Chennai,ECoR-SR,NDLS-MTJ,441.33,Weld Fracture,CRITICAL,31.9,3.5,2026-10-06 17:00:00
TMS-MC-1147,Mumbai-Chennai,CR-SCR,KOTA-RMA,840.76,Weld Fracture,CRITICAL,22.2,3.5,2026-10-04 21:00:00
TMS-HC-1148,Howrah-Chennai,ECoR-SR,MTJ-KOTA,1128.42,Weld Fracture,CRITICAL,33.7,3.5,2026-10-03 15:00:00
TMS-HC-1149,Howrah-Chennai,ECoR-SR,DDU-ASN,876.74,Weld Fracture,CRITICAL,31.6,3.5,2026-10-03 12:00:00
TMS-DM-1150,Delhi-Mumbai,NWR-WR,HWH-KGP,138.28,Track Creep,HIGH,40.8,2.0,2026-10-04 12:00:00
TMS-MC-1151,Mumbai-Chennai,CR-SCR,BRC-MMCT,192.0,Ballast Pounding,MEDIUM,22.2,2.0,2026-10-03 13:00:00
TMS-MC-1152,Mumbai-Chennai,CR-SCR,SUR-PUNE,120.31,Sun Kink/Track Buckling,CRITICAL,21.1,3.5,2026-10-07 09:00:00
TMS-MC-1153,Mumbai-Chennai,CR-SCR,RMA-BRC,839.37,Weld Fracture,CRITICAL,23.9,3.5,2026-10-06 15:00:00
TMS-HC-1154,Howrah-Chennai,ECoR-SR,KOTA-RMA,771.48,Track Creep,HIGH,33.0,2.5,2026-10-01 11:00:00
TMS-DM-1155,Delhi-Mumbai,NWR-WR,BZA-MAS,572.6,Sun Kink/Track Buckling,CRITICAL,41.1,3.5,2026-10-04 20:00:00
TMS-MC-1156,Mumbai-Chennai,CR-SCR,SUR-PUNE,739.85,Sun Kink/Track Buckling,CRITICAL,25.4,3.5,2026-10-06 14:00:00
TMS-MC-1157,Mumbai-Chennai,CR-SCR,KOTA-RMA,671.07,Weld Fracture,CRITICAL,24.1,3.5,2026-10-02 07:00:00
TMS-HC-1158,Howrah-Chennai,ECoR-SR,CNB-PRYJ,1087.06,Weld Fracture,CRITICAL,36.9,3.5,2026-10-02 11:00:00
TMS-DM-1159,Delhi-Mumbai,NWR-WR,BRC-MMCT,33.72,Weld Fracture,CRITICAL,44.5,3.5,2026-10-04 19:00:00
TMS-DH-1160,Delhi-Howrah,NCR-ER,BZA-MAS,651.73,Track Creep,HIGH,30.0,2.0,2026-10-06 03:00:00
TMS-DH-1161,Delhi-Howrah,NCR-ER,BZA-MAS,353.78,Sun Kink/Track Buckling,CRITICAL,30.0,3.5,2026-10-05 08:00:00
TMS-MC-1162,Mumbai-Chennai,CR-SCR,NDLS-MTJ,550.21,Track Creep,HIGH,22.1,2.0,2026-10-06 08:00:00
TMS-DH-1163,Delhi-Howrah,NCR-ER,CNB-PRYJ,962.06,Sun Kink/Track Buckling,CRITICAL,26.5,3.5,2026-10-02 18:00:00
TMS-HC-1164,Howrah-Chennai,ECoR-SR,BRC-MMCT,1089.83,Weld Fracture,CRITICAL,33.9,3.5,2026-10-08 02:00:00
TMS-DM-1165,Delhi-Mumbai,NWR-WR,DDU-ASN,866.14,Track Creep,MEDIUM,44.7,2.5,2026-10-04 03:00:00
TMS-MC-1166,Mumbai-Chennai,CR-SCR,RMA-BRC,706.4,Weld Fracture,CRITICAL,20.9,3.5,2026-10-04 15:00:00
TMS-DH-1167,Delhi-Howrah,NCR-ER,MTJ-KOTA,147.51,Ballast Pounding,HIGH,26.4,2.0,2026-10-01 23:00:00
TMS-DM-1168,Delhi-Mumbai,NWR-WR,HWH-KGP,570.93,Weld Fracture,CRITICAL,40.9,3.5,2026-10-06 17:00:00
TMS-DH-1169,Delhi-Howrah,NCR-ER,MTJ-KOTA,142.99,Track Creep,MEDIUM,27.7,1.5,2026-10-03 07:00:00
TMS-DM-1170,Delhi-Mumbai,NWR-WR,HWH-KGP,988.33,Track Creep,MEDIUM,43.0,2.0,2026-10-04 15:00:00
TMS-HC-1171,Howrah-Chennai,ECoR-SR,MTJ-KOTA,641.36,Track Creep,MEDIUM,32.7,2.5,2026-10-07 16:00:00
TMS-DM-1172,Delhi-Mumbai,NWR-WR,DDU-ASN,1299.17,Ballast Pounding,HIGH,42.6,2.0,2026-10-04 20:00:00
TMS-DH-1173,Delhi-Howrah,NCR-ER,BRC-MMCT,953.02,Weld Fracture,CRITICAL,27.1,3.5,2026-10-04 06:00:00
TMS-DH-1174,Delhi-Howrah,NCR-ER,MTJ-KOTA,971.13,Weld Fracture,CRITICAL,26.3,3.5,2026-10-07 08:00:00
TMS-HC-1175,Howrah-Chennai,ECoR-SR,KOTA-RMA,733.27,Ballast Pounding,HIGH,34.1,2.0,2026-10-06 17:00:00
TMS-DM-1176,Delhi-Mumbai,NWR-WR,SUR-PUNE,944.95,Weld Fracture,CRITICAL,39.9,3.5,2026-10-01 21:00:00
TMS-MC-1177,Mumbai-Chennai,CR-SCR,CNB-PRYJ,421.19,Weld Fracture,CRITICAL,23.4,3.5,2026-10-01 22:00:00
TMS-DM-1178,Delhi-Mumbai,NWR-WR,MTJ-KOTA,41.48,Weld Fracture,CRITICAL,44.3,3.5,2026-10-07 20:00:00
TMS-HC-1179,Howrah-Chennai,ECoR-SR,KOTA-RMA,100.34,Ballast Pounding,HIGH,31.6,2.5,2026-10-02 11:00:00
TMS-DH-1180,Delhi-Howrah,NCR-ER,BRC-MMCT,628.92,Sun Kink/Track Buckling,CRITICAL,29.2,3.5,2026-10-06 07:00:00
TMS-DH-1181,Delhi-Howrah,NCR-ER,DDU-ASN,684.05,Sun Kink/Track Buckling,CRITICAL,30.0,3.5,2026-10-01 09:00:00
TMS-DM-1182,Delhi-Mumbai,NWR-WR,MTJ-KOTA,392.24,Sun Kink/Track Buckling,CRITICAL,40.8,3.5,2026-10-07 15:00:00
TMS-MC-1183,Mumbai-Chennai,CR-SCR,BZA-MAS,151.21,Sun Kink/Track Buckling,CRITICAL,22.2,3.5,2026-10-07 02:00:00
TMS-HC-1184,Howrah-Chennai,ECoR-SR,CNB-PRYJ,1277.21,Ballast Pounding,MEDIUM,36.4,1.5,2026-10-04 22:00:00
TMS-HC-1185,Howrah-Chennai,ECoR-SR,RMA-BRC,308.86,Ballast Pounding,MEDIUM,36.7,2.0,2026-10-03 21:00:00
TMS-DH-1186,Delhi-Howrah,NCR-ER,MTJ-KOTA,505.48,Track Creep,HIGH,26.2,1.5,2026-10-01 09:00:00
TMS-MC-1187,Mumbai-Chennai,CR-SCR,BRC-MMCT,822.41,Weld Fracture,CRITICAL,21.2,3.5,2026-10-01 15:00:00
TMS-HC-1188,Howrah-Chennai,ECoR-SR,KOTA-RMA,988.13,Track Creep,HIGH,35.3,1.5,2026-10-01 09:00:00
TMS-MC-1189,Mumbai-Chennai,CR-SCR,HWH-KGP,974.75,Weld Fracture,CRITICAL,20.2,3.5,2026-10-04 02:00:00
TMS-DH-1190,Delhi-Howrah,NCR-ER,BZA-MAS,67.25,Ballast Pounding,HIGH,30.7,2.0,2026-10-01 15:00:00
TMS-HC-1191,Howrah-Chennai,ECoR-SR,HWH-KGP,335.92,Track Creep,HIGH,31.5,1.5,2026-10-06 19:00:00
TMS-MC-1192,Mumbai-Chennai,CR-SCR,CNB-PRYJ,1251.14,Weld Fracture,CRITICAL,20.6,3.5,2026-10-02 10:00:00
TMS-DM-1193,Delhi-Mumbai,NWR-WR,KOTA-RMA,1073.84,Ballast Pounding,HIGH,41.4,2.5,2026-10-05 08:00:00
TMS-MC-1194,Mumbai-Chennai,CR-SCR,KOTA-RMA,1129.93,Track Creep,HIGH,21.3,2.5,2026-10-03 17:00:00
TMS-HC-1195,Howrah-Chennai,ECoR-SR,BZA-MAS,1209.82,Weld Fracture,CRITICAL,32.1,3.5,2026-10-07 17:00:00
TMS-DH-1196,Delhi-Howrah,NCR-ER,BRC-MMCT,1146.32,Weld Fracture,CRITICAL,30.8,3.5,2026-10-02 13:00:00
TMS-HC-1197,Howrah-Chennai,ECoR-SR,BRC-MMCT,969.13,Sun Kink/Track Buckling,CRITICAL,32.4,3.5,2026-10-05 10:00:00
TMS-DH-1198,Delhi-Howrah,NCR-ER,NDLS-MTJ,732.2,Ballast Pounding,HIGH,26.6,1.5,2026-10-05 08:00:00
TMS-MC-1199,Mumbai-Chennai,CR-SCR,KOTA-RMA,175.7,Sun Kink/Track Buckling,CRITICAL,21.6,3.5,2026-10-04 08:00:00
TMS-DM-1200,Delhi-Mumbai,NWR-WR,BRC-MMCT,142.24,Ballast Pounding,HIGH,44.7,2.0,2026-10-05 06:00:00
TMS-MC-1201,Mumbai-Chennai,CR-SCR,NDLS-MTJ,1004.57,Sun Kink/Track Buckling,CRITICAL,23.9,3.5,2026-10-06 04:00:00
TMS-DM-1202,Delhi-Mumbai,NWR-WR,HWH-KGP,69.01,Sun Kink/Track Buckling,CRITICAL,44.3,3.5,2026-10-02 11:00:00
TMS-MC-1203,Mumbai-Chennai,CR-SCR,DDU-ASN,94.66,Track Creep,HIGH,24.5,2.0,2026-10-05 21:00:00
TMS-HC-1204,Howrah-Chennai,ECoR-SR,MTJ-KOTA,362.98,Ballast Pounding,HIGH,37.0,1.5,2026-10-05 09:00:00
TMS-DM-1205,Delhi-Mumbai,NWR-WR,RMA-BRC,1093.53,Ballast Pounding,HIGH,43.8,2.5,2026-10-04 18:00:00
TMS-DH-1206,Delhi-Howrah,NCR-ER,KOTA-RMA,1236.61,Sun Kink/Track Buckling,CRITICAL,26.8,3.5,2026-10-05 02:00:00
TMS-DM-1207,Delhi-Mumbai,NWR-WR,CNB-PRYJ,990.52,Ballast Pounding,HIGH,41.9,2.0,2026-10-01 07:00:00
TMS-DH-1208,Delhi-Howrah,NCR-ER,NDLS-MTJ,850.65,Ballast Pounding,HIGH,28.0,1.5,2026-10-01 21:00:00
TMS-MC-1209,Mumbai-Chennai,CR-SCR,HWH-KGP,215.43,Weld Fracture,CRITICAL,21.1,3.5,2026-10-05 03:00:00
TMS-DM-1210,Delhi-Mumbai,NWR-WR,MTJ-KOTA,991.72,Sun Kink/Track Buckling,CRITICAL,42.9,3.5,2026-10-02 06:00:00
TMS-MC-1211,Mumbai-Chennai,CR-SCR,DDU-ASN,171.49,Ballast Pounding,HIGH,23.8,2.0,2026-10-01 15:00:00
TMS-DH-1212,Delhi-Howrah,NCR-ER,CNB-PRYJ,760.74,Weld Fracture,CRITICAL,27.5,3.5,2026-10-04 22:00:00
TMS-MC-1213,Mumbai-Chennai,CR-SCR,NDLS-MTJ,24.99,Weld Fracture,CRITICAL,20.4,3.5,2026-10-03 22:00:00
TMS-DH-1214,Delhi-Howrah,NCR-ER,CNB-PRYJ,386.24,Weld Fracture,CRITICAL,29.8,3.5,2026-10-02 15:00:00
TMS-MC-1215,Mumbai-Chennai,CR-SCR,HWH-KGP,198.24,Track Creep,HIGH,20.6,2.0,2026-10-03 04:00:00
TMS-MC-1216,Mumbai-Chennai,CR-SCR,CNB-PRYJ,807.42,Sun Kink/Track Buckling,CRITICAL,23.9,3.5,2026-10-07 22:00:00
TMS-DH-1217,Delhi-Howrah,NCR-ER,MTJ-KOTA,699.17,Weld Fracture,CRITICAL,30.9,3.5,2026-10-07 20:00:00
TMS-DM-1218,Delhi-Mumbai,NWR-WR,CNB-PRYJ,742.13,Track Creep,HIGH,43.3,2.0,2026-10-07 05:00:00
TMS-DH-1219,Delhi-Howrah,NCR-ER,NDLS-MTJ,1237.5,Sun Kink/Track Buckling,CRITICAL,26.7,3.5,2026-10-06 09:00:00
TMS-DH-1220,Delhi-Howrah,NCR-ER,BZA-MAS,924.69,Track Creep,MEDIUM,30.8,2.0,2026-10-05 02:00:00
TMS-DH-1221,Delhi-Howrah,NCR-ER,RMA-BRC,723.37,Track Creep,MEDIUM,29.3,2.0,2026-10-02 04:00:00
TMS-DH-1222,Delhi-Howrah,NCR-ER,BZA-MAS,221.56,Weld Fracture,CRITICAL,28.4,3.5,2026-10-01 18:00:00
TMS-HC-1223,Howrah-Chennai,ECoR-SR,KOTA-RMA,1268.87,Track Creep,HIGH,33.4,2.0,2026-10-06 22:00:00
TMS-DM-1224,Delhi-Mumbai,NWR-WR,MTJ-KOTA,36.91,Track Creep,MEDIUM,43.1,2.0,2026-10-02 19:00:00
TMS-MC-1225,Mumbai-Chennai,CR-SCR,KOTA-RMA,115.17,Weld Fracture,CRITICAL,22.2,3.5,2026-10-05 03:00:00
TMS-DH-1226,Delhi-Howrah,NCR-ER,NDLS-MTJ,1094.18,Sun Kink/Track Buckling,CRITICAL,27.0,3.5,2026-10-07 21:00:00
TMS-DH-1227,Delhi-Howrah,NCR-ER,RMA-BRC,661.25,Track Creep,HIGH,29.0,2.0,2026-10-05 06:00:00
TMS-DM-1228,Delhi-Mumbai,NWR-WR,BRC-MMCT,520.21,Sun Kink/Track Buckling,CRITICAL,42.8,3.5,2026-10-04 13:00:00
TMS-DH-1229,Delhi-Howrah,NCR-ER,SUR-PUNE,1186.95,Track Creep,MEDIUM,27.2,2.5,2026-10-02 00:00:00
TMS-MC-1230,Mumbai-Chennai,CR-SCR,RMA-BRC,1182.65,Ballast Pounding,HIGH,21.0,2.0,2026-10-01 20:00:00
TMS-DH-1231,Delhi-Howrah,NCR-ER,BRC-MMCT,1112.16,Weld Fracture,CRITICAL,28.7,3.5,2026-10-03 20:00:00
TMS-DH-1232,Delhi-Howrah,NCR-ER,BZA-MAS,864.78,Ballast Pounding,HIGH,26.5,2.0,2026-10-07 07:00:00
TMS-HC-1233,Howrah-Chennai,ECoR-SR,MTJ-KOTA,1116.8,Weld Fracture,CRITICAL,31.5,3.5,2026-10-08 02:00:00
TMS-DM-1234,Delhi-Mumbai,NWR-WR,SUR-PUNE,104.81,Sun Kink/Track Buckling,CRITICAL,40.4,3.5,2026-10-05 03:00:00
TMS-DH-1235,Delhi-Howrah,NCR-ER,HWH-KGP,806.12,Track Creep,HIGH,29.9,2.0,2026-10-03 22:00:00
TMS-DH-1236,Delhi-Howrah,NCR-ER,BZA-MAS,791.14,Weld Fracture,CRITICAL,28.0,3.5,2026-10-08 03:00:00
TMS-DM-1237,Delhi-Mumbai,NWR-WR,CNB-PRYJ,275.54,Track Creep,MEDIUM,40.1,2.0,2026-10-06 00:00:00
TMS-DH-1238,Delhi-Howrah,NCR-ER,BRC-MMCT,1218.22,Sun Kink/Track Buckling,CRITICAL,26.2,3.5,2026-10-06 05:00:00
TMS-HC-1239,Howrah-Chennai,ECoR-SR,BRC-MMCT,124.24,Weld Fracture,CRITICAL,32.1,3.5,2026-10-01 18:00:00
TMS-DH-1240,Delhi-Howrah,NCR-ER,MTJ-KOTA,1255.0,Weld Fracture,CRITICAL,26.0,3.5,2026-10-03 08:00:00
TMS-DM-1241,Delhi-Mumbai,NWR-WR,MTJ-KOTA,452.02,Ballast Pounding,HIGH,42.4,2.0,2026-10-07 13:00:00
TMS-MC-1242,Mumbai-Chennai,CR-SCR,RMA-BRC,919.04,Sun Kink/Track Buckling,CRITICAL,21.1,3.5,2026-10-06 05:00:00
TMS-MC-1243,Mumbai-Chennai,CR-SCR,CNB-PRYJ,1129.9,Ballast Pounding,HIGH,21.0,2.0,2026-10-02 16:00:00
TMS-DM-1244,Delhi-Mumbai,NWR-WR,MTJ-KOTA,324.95,Track Creep,MEDIUM,44.1,2.0,2026-10-03 05:00:00
TMS-MC-1245,Mumbai-Chennai,CR-SCR,RMA-BRC,882.7,Track Creep,HIGH,21.2,2.0,2026-10-07 04:00:00
TMS-DM-1246,Delhi-Mumbai,NWR-WR,BZA-MAS,147.51,Weld Fracture,CRITICAL,43.1,3.5,2026-10-03 21:00:00
TMS-DM-1247,Delhi-Mumbai,NWR-WR,BRC-MMCT,741.45,Ballast Pounding,MEDIUM,43.6,2.0,2026-10-04 02:00:00
TMS-DH-1248,Delhi-Howrah,NCR-ER,RMA-BRC,871.2,Weld Fracture,CRITICAL,30.4,3.5,2026-10-04 16:00:00
TMS-DM-1249,Delhi-Mumbai,NWR-WR,HWH-KGP,392.96,Track Creep,HIGH,43.1,2.5,2026-10-07 05:00:00
TMS-DM-1250,Delhi-Mumbai,NWR-WR,DDU-ASN,736.84,Sun Kink/Track Buckling,CRITICAL,41.6,3.5,2026-10-05 03:00:00
TMS-DM-1251,Delhi-Mumbai,NWR-WR,NDLS-MTJ,583.3,Weld Fracture,CRITICAL,39.6,3.5,2026-10-01 17:00:00
TMS-HC-1252,Howrah-Chennai,ECoR-SR,SUR-PUNE,989.55,Weld Fracture,CRITICAL,34.3,3.5,2026-10-04 19:00:00
TMS-DH-1253,Delhi-Howrah,NCR-ER,SUR-PUNE,150.5,Ballast Pounding,MEDIUM,26.8,2.5,2026-10-03 06:00:00
TMS-DM-1254,Delhi-Mumbai,NWR-WR,RMA-BRC,794.2,Sun Kink/Track Buckling,CRITICAL,43.7,3.5,2026-10-04 04:00:00
TMS-DH-1255,Delhi-Howrah,NCR-ER,DDU-ASN,565.81,Track Creep,MEDIUM,30.9,1.5,2026-10-06 03:00:00
TMS-MC-1256,Mumbai-Chennai,CR-SCR,RMA-BRC,1215.42,Ballast Pounding,MEDIUM,21.9,2.0,2026-10-02 16:00:00
TMS-DH-1257,Delhi-Howrah,NCR-ER,BRC-MMCT,377.49,Weld Fracture,CRITICAL,27.7,3.5,2026-10-07 18:00:00
TMS-HC-1258,Howrah-Chennai,ECoR-SR,MTJ-KOTA,361.68,Track Creep,HIGH,33.8,2.0,2026-10-04 23:00:00
TMS-DH-1259,Delhi-Howrah,NCR-ER,SUR-PUNE,1041.72,Weld Fracture,CRITICAL,27.0,3.5,2026-10-03 14:00:00
TMS-DM-1260,Delhi-Mumbai,NWR-WR,SUR-PUNE,1193.9,Weld Fracture,CRITICAL,41.8,3.5,2026-10-06 04:00:00
TMS-HC-1261,Howrah-Chennai,ECoR-SR,DDU-ASN,833.0,Ballast Pounding,HIGH,34.3,2.0,2026-10-06 23:00:00
TMS-DH-1262,Delhi-Howrah,NCR-ER,SUR-PUNE,235.46,Weld Fracture,CRITICAL,28.0,3.5,2026-10-04 06:00:00
TMS-MC-1263,Mumbai-Chennai,CR-SCR,SUR-PUNE,339.78,Weld Fracture,CRITICAL,21.7,3.5,2026-10-07 14:00:00
TMS-HC-1264,Howrah-Chennai,ECoR-SR,KOTA-RMA,814.78,Ballast Pounding,MEDIUM,34.0,2.5,2026-10-04 03:00:00
TMS-HC-1265,Howrah-Chennai,ECoR-SR,MTJ-KOTA,620.03,Weld Fracture,CRITICAL,34.4,3.5,2026-10-07 12:00:00
TMS-MC-1266,Mumbai-Chennai,CR-SCR,KOTA-RMA,793.15,Weld Fracture,CRITICAL,23.0,3.5,2026-10-07 00:00:00
TMS-DM-1267,Delhi-Mumbai,NWR-WR,BZA-MAS,650.83,Sun Kink/Track Buckling,CRITICAL,44.9,3.5,2026-10-02 17:00:00
TMS-HC-1268,Howrah-Chennai,ECoR-SR,DDU-ASN,944.63,Track Creep,HIGH,31.6,2.0,2026-10-02 06:00:00
TMS-MC-1269,Mumbai-Chennai,CR-SCR,DDU-ASN,1006.68,Ballast Pounding,MEDIUM,21.5,2.0,2026-10-05 07:00:00
TMS-MC-1270,Mumbai-Chennai,CR-SCR,HWH-KGP,483.37,Weld Fracture,CRITICAL,21.9,3.5,2026-10-01 19:00:00
TMS-DM-1271,Delhi-Mumbai,NWR-WR,BRC-MMCT,359.78,Track Creep,MEDIUM,42.8,1.5,2026-10-04 01:00:00
TMS-DH-1272,Delhi-Howrah,NCR-ER,SUR-PUNE,439.57,Weld Fracture,CRITICAL,29.7,3.5,2026-10-01 08:00:00
TMS-DH-1273,Delhi-Howrah,NCR-ER,HWH-KGP,758.81,Track Creep,MEDIUM,26.5,2.0,2026-10-04 11:00:00
TMS-DM-1274,Delhi-Mumbai,NWR-WR,BZA-MAS,229.92,Weld Fracture,CRITICAL,41.8,3.5,2026-10-07 20:00:00
TMS-DM-1275,Delhi-Mumbai,NWR-WR,HWH-KGP,1036.13,Track Creep,HIGH,44.6,2.0,2026-10-02 05:00:00
TMS-MC-1276,Mumbai-Chennai,CR-SCR,HWH-KGP,706.54,Ballast Pounding,HIGH,24.6,2.0,2026-10-07 11:00:00
TMS-MC-1277,Mumbai-Chennai,CR-SCR,NDLS-MTJ,794.95,Track Creep,HIGH,22.8,2.0,2026-10-07 04:00:00
TMS-MC-1278,Mumbai-Chennai,CR-SCR,MTJ-KOTA,450.76,Weld Fracture,CRITICAL,22.1,3.5,2026-10-01 08:00:00
TMS-HC-1279,Howrah-Chennai,ECoR-SR,NDLS-MTJ,404.13,Weld Fracture,CRITICAL,33.7,3.5,2026-10-07 13:00:00
TMS-DH-1280,Delhi-Howrah,NCR-ER,CNB-PRYJ,740.88,Track Creep,HIGH,28.2,2.5,2026-10-01 18:00:00
TMS-HC-1281,Howrah-Chennai,ECoR-SR,CNB-PRYJ,1064.51,Weld Fracture,CRITICAL,33.6,3.5,2026-10-07 20:00:00
TMS-DH-1282,Delhi-Howrah,NCR-ER,BZA-MAS,426.06,Ballast Pounding,MEDIUM,26.1,2.0,2026-10-05 01:00:00
TMS-DH-1283,Delhi-Howrah,NCR-ER,RMA-BRC,749.22,Weld Fracture,CRITICAL,31.1,3.5,2026-10-02 07:00:00
TMS-DM-1284,Delhi-Mumbai,NWR-WR,CNB-PRYJ,1079.84,Ballast Pounding,MEDIUM,41.2,2.0,2026-10-06 20:00:00
TMS-DM-1285,Delhi-Mumbai,NWR-WR,MTJ-KOTA,97.94,Weld Fracture,CRITICAL,39.6,3.5,2026-10-02 07:00:00
TMS-HC-1286,Howrah-Chennai,ECoR-SR,RMA-BRC,576.97,Ballast Pounding,HIGH,32.1,2.5,2026-10-06 20:00:00
TMS-MC-1287,Mumbai-Chennai,CR-SCR,MTJ-KOTA,848.76,Weld Fracture,CRITICAL,20.8,3.5,2026-10-01 11:00:00
TMS-HC-1288,Howrah-Chennai,ECoR-SR,BZA-MAS,85.03,Weld Fracture,CRITICAL,37.0,3.5,2026-10-07 21:00:00
TMS-MC-1289,Mumbai-Chennai,CR-SCR,DDU-ASN,318.54,Weld Fracture,CRITICAL,20.8,3.5,2026-10-04 07:00:00
TMS-MC-1290,Mumbai-Chennai,CR-SCR,KOTA-RMA,239.32,Weld Fracture,CRITICAL,23.8,3.5,2026-10-05 07:00:00
TMS-MC-1291,Mumbai-Chennai,CR-SCR,RMA-BRC,234.14,Track Creep,HIGH,23.6,1.5,2026-10-08 04:00:00
TMS-HC-1292,Howrah-Chennai,ECoR-SR,KOTA-RMA,484.41,Track Creep,MEDIUM,33.8,2.0,2026-10-01 20:00:00
TMS-HC-1293,Howrah-Chennai,ECoR-SR,MTJ-KOTA,182.61,Track Creep,MEDIUM,33.8,1.5,2026-10-04 13:00:00
TMS-DM-1294,Delhi-Mumbai,NWR-WR,NDLS-MTJ,427.32,Track Creep,HIGH,44.1,2.0,2026-10-04 16:00:00
TMS-DM-1295,Delhi-Mumbai,NWR-WR,BRC-MMCT,1099.22,Ballast Pounding,HIGH,40.0,1.5,2026-10-02 08:00:00
TMS-DH-1296,Delhi-Howrah,NCR-ER,RMA-BRC,324.09,Weld Fracture,CRITICAL,29.6,3.5,2026-10-07 19:00:00
TMS-DH-1297,Delhi-Howrah,NCR-ER,SUR-PUNE,1160.79,Weld Fracture,CRITICAL,31.3,3.5,2026-10-01 23:00:00
TMS-MC-1298,Mumbai-Chennai,CR-SCR,NDLS-MTJ,1053.46,Weld Fracture,CRITICAL,20.4,3.5,2026-10-05 07:00:00
TMS-DH-1299,Delhi-Howrah,NCR-ER,DDU-ASN,860.57,Ballast Pounding,HIGH,30.9,2.0,2026-10-04 13:00:00
TMS-DM-1300,Delhi-Mumbai,NWR-WR,HWH-KGP,1148.37,Sun Kink/Track Buckling,CRITICAL,40.1,3.5,2026-10-04 21:00:00
TMS-DM-1301,Delhi-Mumbai,NWR-WR,HWH-KGP,119.38,Sun Kink/Track Buckling,CRITICAL,43.4,3.5,2026-10-05 19:00:00
TMS-HC-1302,Howrah-Chennai,ECoR-SR,HWH-KGP,55.89,Sun Kink/Track Buckling,CRITICAL,34.3,3.5,2026-10-03 16:00:00
TMS-HC-1303,Howrah-Chennai,ECoR-SR,RMA-BRC,1009.3,Weld Fracture,CRITICAL,35.1,3.5,2026-10-02 10:00:00
TMS-HC-1304,Howrah-Chennai,ECoR-SR,BRC-MMCT,719.0,Weld Fracture,CRITICAL,36.1,3.5,2026-10-01 14:00:00
TMS-MC-1305,Mumbai-Chennai,CR-SCR,NDLS-MTJ,391.12,Weld Fracture,CRITICAL,24.2,3.5,2026-10-07 15:00:00
TMS-DM-1306,Delhi-Mumbai,NWR-WR,MTJ-KOTA,23.45,Sun Kink/Track Buckling,CRITICAL,40.9,3.5,2026-10-04 02:00:00
TMS-DH-1307,Delhi-Howrah,NCR-ER,BZA-MAS,694.09,Sun Kink/Track Buckling,CRITICAL,26.2,3.5,2026-10-06 00:00:00
TMS-DH-1308,Delhi-Howrah,NCR-ER,CNB-PRYJ,636.96,Track Creep,HIGH,31.1,2.5,2026-10-07 06:00:00
TMS-MC-1309,Mumbai-Chennai,CR-SCR,NDLS-MTJ,1207.23,Track Creep,HIGH,21.2,1.5,2026-10-07 15:00:00
TMS-MC-1310,Mumbai-Chennai,CR-SCR,SUR-PUNE,800.69,Weld Fracture,CRITICAL,25.2,3.5,2026-10-07 20:00:00
TMS-MC-1311,Mumbai-Chennai,CR-SCR,KOTA-RMA,1154.13,Sun Kink/Track Buckling,CRITICAL,23.6,3.5,2026-10-06 08:00:00
TMS-MC-1312,Mumbai-Chennai,CR-SCR,DDU-ASN,1102.0,Weld Fracture,CRITICAL,25.1,3.5,2026-10-02 00:00:00
TMS-DM-1313,Delhi-Mumbai,NWR-WR,HWH-KGP,729.58,Track Creep,HIGH,40.5,2.5,2026-10-04 20:00:00
TMS-DH-1314,Delhi-Howrah,NCR-ER,MTJ-KOTA,149.25,Ballast Pounding,MEDIUM,29.8,1.5,2026-10-02 09:00:00
TMS-DH-1315,Delhi-Howrah,NCR-ER,KOTA-RMA,204.37,Weld Fracture,CRITICAL,27.9,3.5,2026-10-02 04:00:00
TMS-HC-1316,Howrah-Chennai,ECoR-SR,CNB-PRYJ,738.88,Track Creep,MEDIUM,35.3,2.0,2026-10-02 21:00:00
TMS-MC-1317,Mumbai-Chennai,CR-SCR,SUR-PUNE,729.87,Track Creep,MEDIUM,24.5,1.5,2026-10-05 18:00:00
TMS-DM-1318,Delhi-Mumbai,NWR-WR,SUR-PUNE,858.25,Ballast Pounding,HIGH,41.2,1.5,2026-10-07 11:00:00
TMS-MC-1319,Mumbai-Chennai,CR-SCR,BZA-MAS,724.95,Ballast Pounding,MEDIUM,20.0,2.0,2026-10-05 00:00:00
TMS-DH-1320,Delhi-Howrah,NCR-ER,NDLS-MTJ,24.23,Sun Kink/Track Buckling,CRITICAL,30.1,3.5,2026-10-06 07:00:00
TMS-MC-1321,Mumbai-Chennai,CR-SCR,KOTA-RMA,1096.14,Weld Fracture,CRITICAL,22.6,3.5,2026-10-05 11:00:00
TMS-DH-1322,Delhi-Howrah,NCR-ER,RMA-BRC,941.47,Weld Fracture,CRITICAL,30.9,3.5,2026-10-07 16:00:00
TMS-DM-1323,Delhi-Mumbai,NWR-WR,CNB-PRYJ,907.35,Weld Fracture,CRITICAL,39.5,3.5,2026-10-02 20:00:00
TMS-DH-1324,Delhi-Howrah,NCR-ER,BZA-MAS,510.1,Weld Fracture,CRITICAL,28.2,3.5,2026-10-04 05:00:00
TMS-MC-1325,Mumbai-Chennai,CR-SCR,KOTA-RMA,93.66,Weld Fracture,CRITICAL,23.2,3.5,2026-10-03 13:00:00
TMS-MC-1326,Mumbai-Chennai,CR-SCR,MTJ-KOTA,786.77,Track Creep,MEDIUM,20.1,2.0,2026-10-07 09:00:00
TMS-DM-1327,Delhi-Mumbai,NWR-WR,KOTA-RMA,85.53,Weld Fracture,CRITICAL,41.3,3.5,2026-10-02 12:00:00
TMS-DH-1328,Delhi-Howrah,NCR-ER,RMA-BRC,167.87,Track Creep,MEDIUM,30.0,2.0,2026-10-07 08:00:00
TMS-HC-1329,Howrah-Chennai,ECoR-SR,BZA-MAS,1213.72,Weld Fracture,CRITICAL,35.0,3.5,2026-10-07 07:00:00
TMS-DH-1330,Delhi-Howrah,NCR-ER,CNB-PRYJ,1288.55,Track Creep,MEDIUM,30.1,1.5,2026-10-05 13:00:00
TMS-DM-1331,Delhi-Mumbai,NWR-WR,SUR-PUNE,441.52,Ballast Pounding,HIGH,39.6,2.0,2026-10-05 23:00:00
TMS-DH-1332,Delhi-Howrah,NCR-ER,KOTA-RMA,1223.48,Ballast Pounding,HIGH,27.4,2.0,2026-10-03 04:00:00
TMS-DH-1333,Delhi-Howrah,NCR-ER,NDLS-MTJ,571.38,Ballast Pounding,MEDIUM,31.2,1.5,2026-10-05 10:00:00
TMS-DH-1334,Delhi-Howrah,NCR-ER,KOTA-RMA,573.54,Track Creep,HIGH,30.0,2.5,2026-10-04 04:00:00
TMS-DM-1335,Delhi-Mumbai,NWR-WR,BZA-MAS,979.27,Sun Kink/Track Buckling,CRITICAL,43.1,3.5,2026-10-02 18:00:00
TMS-DM-1336,Delhi-Mumbai,NWR-WR,SUR-PUNE,374.02,Sun Kink/Track Buckling,CRITICAL,40.9,3.5,2026-10-08 01:00:00
TMS-HC-1337,Howrah-Chennai,ECoR-SR,CNB-PRYJ,563.26,Ballast Pounding,HIGH,36.1,1.5,2026-10-04 04:00:00
TMS-MC-1338,Mumbai-Chennai,CR-SCR,RMA-BRC,53.36,Weld Fracture,CRITICAL,20.3,3.5,2026-10-05 17:00:00
TMS-DM-1339,Delhi-Mumbai,NWR-WR,MTJ-KOTA,540.31,Sun Kink/Track Buckling,CRITICAL,41.4,3.5,2026-10-06 13:00:00
TMS-HC-1340,Howrah-Chennai,ECoR-SR,HWH-KGP,717.33,Sun Kink/Track Buckling,CRITICAL,32.2,3.5,2026-10-07 11:00:00
TMS-DH-1341,Delhi-Howrah,NCR-ER,BRC-MMCT,1275.87,Ballast Pounding,MEDIUM,27.4,2.0,2026-10-06 17:00:00
TMS-HC-1342,Howrah-Chennai,ECoR-SR,HWH-KGP,446.36,Weld Fracture,CRITICAL,33.2,3.5,2026-10-04 19:00:00
TMS-MC-1343,Mumbai-Chennai,CR-SCR,BRC-MMCT,300.66,Ballast Pounding,HIGH,21.4,1.5,2026-10-04 05:00:00
TMS-DH-1344,Delhi-Howrah,NCR-ER,MTJ-KOTA,531.13,Track Creep,HIGH,29.0,1.5,2026-10-08 05:00:00
TMS-DH-1345,Delhi-Howrah,NCR-ER,MTJ-KOTA,115.43,Weld Fracture,CRITICAL,28.5,3.5,2026-10-03 23:00:00
TMS-DH-1346,Delhi-Howrah,NCR-ER,MTJ-KOTA,866.8,Weld Fracture,CRITICAL,27.2,3.5,2026-10-04 08:00:00
TMS-DH-1347,Delhi-Howrah,NCR-ER,HWH-KGP,1025.19,Ballast Pounding,HIGH,26.6,2.0,2026-10-03 17:00:00
TMS-DH-1348,Delhi-Howrah,NCR-ER,DDU-ASN,1135.06,Ballast Pounding,MEDIUM,29.0,2.0,2026-10-04 02:00:00
TMS-DH-1349,Delhi-Howrah,NCR-ER,CNB-PRYJ,218.49,Track Creep,HIGH,27.4,1.5,2026-10-06 11:00:00
TMS-DM-1350,Delhi-Mumbai,NWR-WR,SUR-PUNE,729.8,Weld Fracture,CRITICAL,42.5,3.5,2026-10-06 17:00:00
TMS-MC-1351,Mumbai-Chennai,CR-SCR,SUR-PUNE,652.18,Weld Fracture,CRITICAL,20.6,3.5,2026-10-02 05:00:00
TMS-DM-1352,Delhi-Mumbai,NWR-WR,KOTA-RMA,578.98,Sun Kink/Track Buckling,CRITICAL,40.6,3.5,2026-10-01 18:00:00
TMS-DH-1353,Delhi-Howrah,NCR-ER,BZA-MAS,755.1,Sun Kink/Track Buckling,CRITICAL,29.5,3.5,2026-10-03 13:00:00
TMS-DM-1354,Delhi-Mumbai,NWR-WR,HWH-KGP,681.05,Sun Kink/Track Buckling,CRITICAL,42.0,3.5,2026-10-01 18:00:00
TMS-DH-1355,Delhi-Howrah,NCR-ER,KOTA-RMA,478.4,Weld Fracture,CRITICAL,30.9,3.5,2026-10-05 17:00:00
TMS-MC-1356,Mumbai-Chennai,CR-SCR,NDLS-MTJ,53.06,Weld Fracture,CRITICAL,22.0,3.5,2026-10-07 22:00:00
TMS-MC-1357,Mumbai-Chennai,CR-SCR,CNB-PRYJ,1115.37,Ballast Pounding,HIGH,20.6,2.0,2026-10-07 01:00:00
TMS-DH-1358,Delhi-Howrah,NCR-ER,NDLS-MTJ,548.91,Weld Fracture,CRITICAL,31.4,3.5,2026-10-02 03:00:00
TMS-DH-1359,Delhi-Howrah,NCR-ER,DDU-ASN,177.48,Track Creep,HIGH,29.8,2.5,2026-10-06 17:00:00
TMS-DM-1360,Delhi-Mumbai,NWR-WR,RMA-BRC,1158.43,Sun Kink/Track Buckling,CRITICAL,39.9,3.5,2026-10-06 19:00:00
TMS-HC-1361,Howrah-Chennai,ECoR-SR,BZA-MAS,1066.59,Weld Fracture,CRITICAL,34.5,3.5,2026-10-03 18:00:00
TMS-MC-1362,Mumbai-Chennai,CR-SCR,BZA-MAS,471.56,Ballast Pounding,MEDIUM,22.7,2.0,2026-10-06 17:00:00
TMS-MC-1363,Mumbai-Chennai,CR-SCR,SUR-PUNE,325.2,Weld Fracture,CRITICAL,20.6,3.5,2026-10-07 23:00:00
TMS-DM-1364,Delhi-Mumbai,NWR-WR,MTJ-KOTA,458.84,Sun Kink/Track Buckling,CRITICAL,42.0,3.5,2026-10-03 16:00:00
TMS-HC-1365,Howrah-Chennai,ECoR-SR,BRC-MMCT,1049.99,Track Creep,MEDIUM,36.1,2.0,2026-10-05 01:00:00
TMS-HC-1366,Howrah-Chennai,ECoR-SR,MTJ-KOTA,429.38,Sun Kink/Track Buckling,CRITICAL,35.3,3.5,2026-10-07 18:00:00
TMS-HC-1367,Howrah-Chennai,ECoR-SR,BZA-MAS,855.31,Weld Fracture,CRITICAL,37.0,3.5,2026-10-04 21:00:00
TMS-MC-1368,Mumbai-Chennai,CR-SCR,CNB-PRYJ,474.89,Track Creep,MEDIUM,20.4,2.0,2026-10-03 15:00:00
TMS-DM-1369,Delhi-Mumbai,NWR-WR,RMA-BRC,1220.41,Sun Kink/Track Buckling,CRITICAL,44.3,3.5,2026-10-02 21:00:00
TMS-DM-1370,Delhi-Mumbai,NWR-WR,NDLS-MTJ,1137.75,Track Creep,MEDIUM,39.5,1.5,2026-10-05 01:00:00
TMS-DH-1371,Delhi-Howrah,NCR-ER,CNB-PRYJ,302.48,Weld Fracture,CRITICAL,28.1,3.5,2026-10-02 17:00:00
TMS-HC-1372,Howrah-Chennai,ECoR-SR,BZA-MAS,553.66,Ballast Pounding,HIGH,31.6,2.0,2026-10-05 12:00:00
TMS-HC-1373,Howrah-Chennai,ECoR-SR,BZA-MAS,386.96,Sun Kink/Track Buckling,CRITICAL,36.5,3.5,2026-10-02 01:00:00
TMS-DM-1374,Delhi-Mumbai,NWR-WR,BZA-MAS,403.13,Track Creep,MEDIUM,44.1,2.0,2026-10-02 01:00:00
TMS-HC-1375,Howrah-Chennai,ECoR-SR,HWH-KGP,917.75,Weld Fracture,CRITICAL,34.5,3.5,2026-10-02 12:00:00
TMS-DM-1376,Delhi-Mumbai,NWR-WR,HWH-KGP,376.14,Sun Kink/Track Buckling,CRITICAL,44.0,3.5,2026-10-03 11:00:00
TMS-HC-1377,Howrah-Chennai,ECoR-SR,BZA-MAS,72.1,Weld Fracture,CRITICAL,36.5,3.5,2026-10-01 14:00:00
TMS-DH-1378,Delhi-Howrah,NCR-ER,DDU-ASN,695.4,Track Creep,HIGH,30.6,2.5,2026-10-07 20:00:00
TMS-MC-1379,Mumbai-Chennai,CR-SCR,BRC-MMCT,92.1,Track Creep,MEDIUM,24.6,2.5,2026-10-07 23:00:00
TMS-DM-1380,Delhi-Mumbai,NWR-WR,BZA-MAS,873.27,Sun Kink/Track Buckling,CRITICAL,44.1,3.5,2026-10-03 23:00:00
TMS-MC-1381,Mumbai-Chennai,CR-SCR,HWH-KGP,418.86,Weld Fracture,CRITICAL,22.4,3.5,2026-10-03 05:00:00
TMS-HC-1382,Howrah-Chennai,ECoR-SR,HWH-KGP,1233.06,Track Creep,MEDIUM,33.9,2.0,2026-10-07 19:00:00
TMS-HC-1383,Howrah-Chennai,ECoR-SR,DDU-ASN,179.88,Weld Fracture,CRITICAL,32.8,3.5,2026-10-04 10:00:00
TMS-DM-1384,Delhi-Mumbai,NWR-WR,DDU-ASN,1279.15,Ballast Pounding,HIGH,41.0,1.5,2026-10-08 04:00:00
TMS-DH-1385,Delhi-Howrah,NCR-ER,CNB-PRYJ,68.89,Ballast Pounding,HIGH,26.8,1.5,2026-10-06 10:00:00
TMS-DH-1386,Delhi-Howrah,NCR-ER,HWH-KGP,615.97,Ballast Pounding,HIGH,28.5,2.0,2026-10-04 18:00:00
TMS-MC-1387,Mumbai-Chennai,CR-SCR,NDLS-MTJ,292.6,Track Creep,HIGH,20.2,2.5,2026-10-06 10:00:00
TMS-DM-1388,Delhi-Mumbai,NWR-WR,BRC-MMCT,575.71,Sun Kink/Track Buckling,CRITICAL,40.7,3.5,2026-10-05 16:00:00
TMS-HC-1389,Howrah-Chennai,ECoR-SR,BZA-MAS,522.15,Sun Kink/Track Buckling,CRITICAL,32.0,3.5,2026-10-02 23:00:00
TMS-DM-1390,Delhi-Mumbai,NWR-WR,KOTA-RMA,1145.02,Sun Kink/Track Buckling,CRITICAL,42.7,3.5,2026-10-02 21:00:00
TMS-DM-1391,Delhi-Mumbai,NWR-WR,KOTA-RMA,591.27,Weld Fracture,CRITICAL,44.6,3.5,2026-10-03 03:00:00
TMS-DM-1392,Delhi-Mumbai,NWR-WR,KOTA-RMA,540.22,Sun Kink/Track Buckling,CRITICAL,44.5,3.5,2026-10-05 19:00:00
TMS-MC-1393,Mumbai-Chennai,CR-SCR,SUR-PUNE,940.6,Track Creep,HIGH,24.7,2.0,2026-10-04 21:00:00
TMS-DH-1394,Delhi-Howrah,NCR-ER,DDU-ASN,62.32,Weld Fracture,CRITICAL,30.8,3.5,2026-10-07 08:00:00
TMS-DH-1395,Delhi-Howrah,NCR-ER,BRC-MMCT,166.12,Track Creep,MEDIUM,28.3,2.0,2026-10-04 18:00:00
TMS-DM-1396,Delhi-Mumbai,NWR-WR,SUR-PUNE,424.19,Sun Kink/Track Buckling,CRITICAL,43.6,3.5,2026-10-01 08:00:00
TMS-HC-1397,Howrah-Chennai,ECoR-SR,SUR-PUNE,657.78,Track Creep,MEDIUM,32.3,2.5,2026-10-06 07:00:00
TMS-HC-1398,Howrah-Chennai,ECoR-SR,MTJ-KOTA,693.69,Ballast Pounding,MEDIUM,36.1,1.5,2026-10-05 04:00:00
TMS-MC-1399,Mumbai-Chennai,CR-SCR,NDLS-MTJ,118.87,Ballast Pounding,MEDIUM,22.2,2.0,2026-10-05 11:00:00
TMS-DM-1400,Delhi-Mumbai,NWR-WR,HWH-KGP,851.46,Track Creep,HIGH,44.2,2.0,2026-10-05 17:00:00
TMS-DH-1401,Delhi-Howrah,NCR-ER,DDU-ASN,709.87,Weld Fracture,CRITICAL,30.7,3.5,2026-10-02 12:00:00
TMS-MC-1402,Mumbai-Chennai,CR-SCR,KOTA-RMA,590.66,Weld Fracture,CRITICAL,23.2,3.5,2026-10-02 23:00:00
TMS-HC-1403,Howrah-Chennai,ECoR-SR,SUR-PUNE,487.37,Sun Kink/Track Buckling,CRITICAL,31.7,3.5,2026-10-06 10:00:00
TMS-DM-1404,Delhi-Mumbai,NWR-WR,MTJ-KOTA,225.25,Weld Fracture,CRITICAL,41.9,3.5,2026-10-08 03:00:00
TMS-MC-1405,Mumbai-Chennai,CR-SCR,SUR-PUNE,843.11,Track Creep,MEDIUM,23.5,2.0,2026-10-06 12:00:00
TMS-HC-1406,Howrah-Chennai,ECoR-SR,CNB-PRYJ,1102.81,Weld Fracture,CRITICAL,34.4,3.5,2026-10-06 02:00:00
TMS-MC-1407,Mumbai-Chennai,CR-SCR,MTJ-KOTA,636.41,Ballast Pounding,HIGH,20.2,2.0,2026-10-04 01:00:00
TMS-HC-1408,Howrah-Chennai,ECoR-SR,SUR-PUNE,60.3,Sun Kink/Track Buckling,CRITICAL,31.7,3.5,2026-10-03 09:00:00
TMS-DH-1409,Delhi-Howrah,NCR-ER,BRC-MMCT,383.13,Weld Fracture,CRITICAL,31.0,3.5,2026-10-06 11:00:00
TMS-DM-1410,Delhi-Mumbai,NWR-WR,RMA-BRC,1293.37,Ballast Pounding,HIGH,42.5,2.5,2026-10-02 11:00:00
TMS-DM-1411,Delhi-Mumbai,NWR-WR,RMA-BRC,49.91,Weld Fracture,CRITICAL,44.8,3.5,2026-10-02 04:00:00
TMS-MC-1412,Mumbai-Chennai,CR-SCR,CNB-PRYJ,328.51,Ballast Pounding,HIGH,24.6,2.0,2026-10-06 17:00:00
TMS-DH-1413,Delhi-Howrah,NCR-ER,BRC-MMCT,451.76,Ballast Pounding,MEDIUM,27.5,1.5,2026-10-03 02:00:00
TMS-HC-1414,Howrah-Chennai,ECoR-SR,HWH-KGP,1299.63,Track Creep,HIGH,32.3,2.0,2026-10-05 08:00:00
TMS-HC-1415,Howrah-Chennai,ECoR-SR,NDLS-MTJ,957.61,Weld Fracture,CRITICAL,33.2,3.5,2026-10-07 14:00:00
TMS-DH-1416,Delhi-Howrah,NCR-ER,DDU-ASN,519.73,Weld Fracture,CRITICAL,26.2,3.5,2026-10-07 07:00:00
TMS-DM-1417,Delhi-Mumbai,NWR-WR,KOTA-RMA,180.76,Weld Fracture,CRITICAL,42.8,3.5,2026-10-05 08:00:00
TMS-HC-1418,Howrah-Chennai,ECoR-SR,CNB-PRYJ,178.54,Weld Fracture,CRITICAL,35.8,3.5,2026-10-01 11:00:00
TMS-DM-1419,Delhi-Mumbai,NWR-WR,BZA-MAS,1141.45,Weld Fracture,CRITICAL,44.7,3.5,2026-10-01 23:00:00
TMS-HC-1420,Howrah-Chennai,ECoR-SR,RMA-BRC,1123.98,Weld Fracture,CRITICAL,34.7,3.5,2026-10-05 12:00:00
TMS-HC-1421,Howrah-Chennai,ECoR-SR,HWH-KGP,579.18,Weld Fracture,CRITICAL,34.8,3.5,2026-10-04 16:00:00
TMS-MC-1422,Mumbai-Chennai,CR-SCR,KOTA-RMA,268.61,Ballast Pounding,MEDIUM,20.6,2.0,2026-10-06 02:00:00
TMS-DM-1423,Delhi-Mumbai,NWR-WR,NDLS-MTJ,394.98,Sun Kink/Track Buckling,CRITICAL,40.8,3.5,2026-10-03 21:00:00
TMS-DH-1424,Delhi-Howrah,NCR-ER,BRC-MMCT,668.46,Weld Fracture,CRITICAL,29.4,3.5,2026-10-02 13:00:00
TMS-HC-1425,Howrah-Chennai,ECoR-SR,CNB-PRYJ,897.16,Sun Kink/Track Buckling,CRITICAL,35.5,3.5,2026-10-03 12:00:00
TMS-DH-1426,Delhi-Howrah,NCR-ER,BRC-MMCT,472.74,Sun Kink/Track Buckling,CRITICAL,30.4,3.5,2026-10-07 14:00:00
TMS-HC-1427,Howrah-Chennai,ECoR-SR,BZA-MAS,1033.48,Weld Fracture,CRITICAL,36.9,3.5,2026-10-06 00:00:00
TMS-MC-1428,Mumbai-Chennai,CR-SCR,KOTA-RMA,961.85,Ballast Pounding,HIGH,24.6,1.5,2026-10-01 07:00:00
TMS-HC-1429,Howrah-Chennai,ECoR-SR,HWH-KGP,1218.85,Sun Kink/Track Buckling,CRITICAL,36.0,3.5,2026-10-06 13:00:00
TMS-DM-1430,Delhi-Mumbai,NWR-WR,BZA-MAS,942.86,Track Creep,MEDIUM,41.0,1.5,2026-10-01 10:00:00
TMS-DH-1431,Delhi-Howrah,NCR-ER,KOTA-RMA,718.38,Sun Kink/Track Buckling,CRITICAL,29.5,3.5,2026-10-02 16:00:00
TMS-DM-1432,Delhi-Mumbai,NWR-WR,HWH-KGP,155.68,Ballast Pounding,HIGH,44.1,1.5,2026-10-06 10:00:00
TMS-MC-1433,Mumbai-Chennai,CR-SCR,MTJ-KOTA,104.04,Weld Fracture,CRITICAL,22.2,3.5,2026-10-05 21:00:00
TMS-HC-1434,Howrah-Chennai,ECoR-SR,DDU-ASN,527.68,Weld Fracture,CRITICAL,33.1,3.5,2026-10-06 06:00:00
TMS-DH-1435,Delhi-Howrah,NCR-ER,CNB-PRYJ,424.73,Weld Fracture,CRITICAL,28.6,3.5,2026-10-03 23:00:00
TMS-DM-1436,Delhi-Mumbai,NWR-WR,BRC-MMCT,53.43,Weld Fracture,CRITICAL,40.7,3.5,2026-10-02 01:00:00
TMS-DM-1437,Delhi-Mumbai,NWR-WR,SUR-PUNE,765.77,Track Creep,HIGH,42.9,2.0,2026-10-03 10:00:00
TMS-MC-1438,Mumbai-Chennai,CR-SCR,RMA-BRC,401.12,Track Creep,HIGH,21.6,2.0,2026-10-02 12:00:00
TMS-HC-1439,Howrah-Chennai,ECoR-SR,DDU-ASN,939.65,Sun Kink/Track Buckling,CRITICAL,33.7,3.5,2026-10-07 21:00:00
TMS-DH-1440,Delhi-Howrah,NCR-ER,BZA-MAS,975.75,Ballast Pounding,MEDIUM,27.7,2.0,2026-10-05 03:00:00
TMS-DH-1441,Delhi-Howrah,NCR-ER,HWH-KGP,1092.75,Track Creep,HIGH,26.0,2.5,2026-10-04 03:00:00
TMS-MC-1442,Mumbai-Chennai,CR-SCR,NDLS-MTJ,177.61,Track Creep,HIGH,23.1,1.5,2026-10-08 00:00:00
TMS-MC-1443,Mumbai-Chennai,CR-SCR,KOTA-RMA,1183.83,Track Creep,MEDIUM,22.1,2.5,2026-10-08 03:00:00
TMS-DM-1444,Delhi-Mumbai,NWR-WR,SUR-PUNE,738.37,Weld Fracture,CRITICAL,44.6,3.5,2026-10-06 06:00:00
TMS-HC-1445,Howrah-Chennai,ECoR-SR,DDU-ASN,337.96,Sun Kink/Track Buckling,CRITICAL,36.3,3.5,2026-10-05 11:00:00
TMS-DM-1446,Delhi-Mumbai,NWR-WR,NDLS-MTJ,882.18,Sun Kink/Track Buckling,CRITICAL,44.7,3.5,2026-10-02 03:00:00
TMS-MC-1447,Mumbai-Chennai,CR-SCR,BRC-MMCT,653.16,Track Creep,MEDIUM,22.1,1.5,2026-10-02 23:00:00
TMS-HC-1448,Howrah-Chennai,ECoR-SR,MTJ-KOTA,828.41,Weld Fracture,CRITICAL,35.7,3.5,2026-10-05 15:00:00
TMS-MC-1449,Mumbai-Chennai,CR-SCR,RMA-BRC,1106.95,Ballast Pounding,HIGH,21.2,2.0,2026-10-04 07:00:00
TMS-DH-1450,Delhi-Howrah,NCR-ER,HWH-KGP,845.55,Weld Fracture,CRITICAL,30.4,3.5,2026-10-04 21:00:00
TMS-DM-1451,Delhi-Mumbai,NWR-WR,BZA-MAS,186.22,Sun Kink/Track Buckling,CRITICAL,43.1,3.5,2026-10-02 00:00:00
TMS-HC-1452,Howrah-Chennai,ECoR-SR,BRC-MMCT,890.03,Weld Fracture,CRITICAL,34.1,3.5,2026-10-03 23:00:00
TMS-MC-1453,Mumbai-Chennai,CR-SCR,KOTA-RMA,870.26,Sun Kink/Track Buckling,CRITICAL,24.5,3.5,2026-10-03 12:00:00
TMS-DH-1454,Delhi-Howrah,NCR-ER,BRC-MMCT,897.58,Weld Fracture,CRITICAL,27.3,3.5,2026-10-05 12:00:00
TMS-MC-1455,Mumbai-Chennai,CR-SCR,KOTA-RMA,645.8,Ballast Pounding,MEDIUM,22.2,2.5,2026-10-01 23:00:00
TMS-MC-1456,Mumbai-Chennai,CR-SCR,RMA-BRC,63.74,Track Creep,HIGH,22.2,2.0,2026-10-03 23:00:00
TMS-MC-1457,Mumbai-Chennai,CR-SCR,NDLS-MTJ,682.47,Weld Fracture,CRITICAL,25.4,3.5,2026-10-02 09:00:00
TMS-DH-1458,Delhi-Howrah,NCR-ER,BZA-MAS,165.07,Sun Kink/Track Buckling,CRITICAL,27.5,3.5,2026-10-07 15:00:00
TMS-DM-1459,Delhi-Mumbai,NWR-WR,BRC-MMCT,843.93,Track Creep,HIGH,44.9,2.0,2026-10-05 21:00:00
TMS-HC-1460,Howrah-Chennai,ECoR-SR,HWH-KGP,1020.33,Sun Kink/Track Buckling,CRITICAL,35.8,3.5,2026-10-03 03:00:00
TMS-DH-1461,Delhi-Howrah,NCR-ER,HWH-KGP,94.75,Weld Fracture,CRITICAL,27.3,3.5,2026-10-05 08:00:00
TMS-DH-1462,Delhi-Howrah,NCR-ER,DDU-ASN,876.42,Weld Fracture,CRITICAL,29.2,3.5,2026-10-05 14:00:00
TMS-DM-1463,Delhi-Mumbai,NWR-WR,HWH-KGP,1288.81,Sun Kink/Track Buckling,CRITICAL,42.5,3.5,2026-10-07 05:00:00
TMS-MC-1464,Mumbai-Chennai,CR-SCR,BZA-MAS,274.43,Sun Kink/Track Buckling,CRITICAL,24.0,3.5,2026-10-05 16:00:00
TMS-DM-1465,Delhi-Mumbai,NWR-WR,SUR-PUNE,416.54,Weld Fracture,CRITICAL,41.0,3.5,2026-10-05 14:00:00
TMS-MC-1466,Mumbai-Chennai,CR-SCR,NDLS-MTJ,455.3,Weld Fracture,CRITICAL,25.0,3.5,2026-10-03 15:00:00
TMS-HC-1467,Howrah-Chennai,ECoR-SR,MTJ-KOTA,900.22,Sun Kink/Track Buckling,CRITICAL,36.6,3.5,2026-10-04 18:00:00
TMS-MC-1468,Mumbai-Chennai,CR-SCR,HWH-KGP,183.21,Weld Fracture,CRITICAL,25.3,3.5,2026-10-07 17:00:00
TMS-DH-1469,Delhi-Howrah,NCR-ER,SUR-PUNE,886.71,Weld Fracture,CRITICAL,26.4,3.5,2026-10-02 20:00:00
TMS-DH-1470,Delhi-Howrah,NCR-ER,KOTA-RMA,223.82,Ballast Pounding,HIGH,28.5,2.0,2026-10-05 18:00:00
TMS-DM-1471,Delhi-Mumbai,NWR-WR,MTJ-KOTA,1111.38,Sun Kink/Track Buckling,CRITICAL,40.8,3.5,2026-10-04 04:00:00
TMS-DM-1472,Delhi-Mumbai,NWR-WR,KOTA-RMA,652.72,Sun Kink/Track Buckling,CRITICAL,41.7,3.5,2026-10-05 00:00:00
TMS-DH-1473,Delhi-Howrah,NCR-ER,KOTA-RMA,237.16,Track Creep,HIGH,27.2,2.0,2026-10-07 16:00:00
TMS-DH-1474,Delhi-Howrah,NCR-ER,KOTA-RMA,954.44,Weld Fracture,CRITICAL,28.0,3.5,2026-10-01 23:00:00
TMS-HC-1475,Howrah-Chennai,ECoR-SR,MTJ-KOTA,1257.5,Weld Fracture,CRITICAL,33.7,3.5,2026-10-05 16:00:00
TMS-MC-1476,Mumbai-Chennai,CR-SCR,DDU-ASN,1017.94,Track Creep,HIGH,25.3,1.5,2026-10-04 20:00:00
TMS-DM-1477,Delhi-Mumbai,NWR-WR,BZA-MAS,1087.68,Weld Fracture,CRITICAL,43.8,3.5,2026-10-07 18:00:00
TMS-DH-1478,Delhi-Howrah,NCR-ER,HWH-KGP,1103.97,Ballast Pounding,HIGH,30.0,2.5,2026-10-05 01:00:00
TMS-DH-1479,Delhi-Howrah,NCR-ER,BZA-MAS,529.57,Weld Fracture,CRITICAL,30.9,3.5,2026-10-01 16:00:00
TMS-MC-1480,Mumbai-Chennai,CR-SCR,HWH-KGP,1287.21,Weld Fracture,CRITICAL,25.3,3.5,2026-10-06 15:00:00
TMS-MC-1481,Mumbai-Chennai,CR-SCR,DDU-ASN,489.52,Weld Fracture,CRITICAL,22.2,3.5,2026-10-06 03:00:00
TMS-DH-1482,Delhi-Howrah,NCR-ER,NDLS-MTJ,1025.94,Ballast Pounding,MEDIUM,27.4,2.0,2026-10-05 01:00:00
TMS-DH-1483,Delhi-Howrah,NCR-ER,RMA-BRC,141.33,Track Creep,HIGH,28.8,1.5,2026-10-02 23:00:00
TMS-DM-1484,Delhi-Mumbai,NWR-WR,NDLS-MTJ,236.04,Sun Kink/Track Buckling,CRITICAL,44.3,3.5,2026-10-04 02:00:00
TMS-DM-1485,Delhi-Mumbai,NWR-WR,SUR-PUNE,1093.16,Track Creep,HIGH,40.3,2.0,2026-10-03 05:00:00
TMS-HC-1486,Howrah-Chennai,ECoR-SR,RMA-BRC,1071.88,Ballast Pounding,MEDIUM,36.4,2.0,2026-10-06 02:00:00
TMS-DM-1487,Delhi-Mumbai,NWR-WR,BZA-MAS,391.45,Weld Fracture,CRITICAL,42.8,3.5,2026-10-03 04:00:00
TMS-MC-1488,Mumbai-Chennai,CR-SCR,KOTA-RMA,663.93,Track Creep,HIGH,22.3,1.5,2026-10-02 06:00:00
TMS-HC-1489,Howrah-Chennai,ECoR-SR,HWH-KGP,464.86,Ballast Pounding,HIGH,36.0,2.0,2026-10-02 16:00:00
TMS-DM-1490,Delhi-Mumbai,NWR-WR,BRC-MMCT,374.39,Weld Fracture,CRITICAL,41.8,3.5,2026-10-04 03:00:00
TMS-HC-1491,Howrah-Chennai,ECoR-SR,BZA-MAS,10.02,Sun Kink/Track Buckling,CRITICAL,33.8,3.5,2026-10-03 12:00:00
TMS-DH-1492,Delhi-Howrah,NCR-ER,SUR-PUNE,268.72,Sun Kink/Track Buckling,CRITICAL,27.1,3.5,2026-10-04 19:00:00
TMS-DM-1493,Delhi-Mumbai,NWR-WR,KOTA-RMA,76.95,Sun Kink/Track Buckling,CRITICAL,40.6,3.5,2026-10-04 10:00:00
TMS-DH-1494,Delhi-Howrah,NCR-ER,DDU-ASN,796.42,Track Creep,MEDIUM,30.9,2.0,2026-10-05 11:00:00
TMS-DM-1495,Delhi-Mumbai,NWR-WR,KOTA-RMA,244.28,Sun Kink/Track Buckling,CRITICAL,41.5,3.5,2026-10-06 09:00:00
TMS-HC-1496,Howrah-Chennai,ECoR-SR,BRC-MMCT,709.79,Ballast Pounding,MEDIUM,32.3,2.0,2026-10-01 22:00:00
TMS-HC-1497,Howrah-Chennai,ECoR-SR,SUR-PUNE,925.02,Weld Fracture,CRITICAL,32.4,3.5,2026-10-01 15:00:00
TMS-DM-1498,Delhi-Mumbai,NWR-WR,RMA-BRC,1234.48,Ballast Pounding,HIGH,43.0,1.5,2026-10-06 09:00:00
TMS-DM-1499,Delhi-Mumbai,NWR-WR,NDLS-MTJ,672.87,Weld Fracture,CRITICAL,42.3,3.5,2026-10-02 18:00:00
TMS-DM-1500,Delhi-Mumbai,NWR-WR,DDU-ASN,605.61,Ballast Pounding,MEDIUM,44.6,2.0,2026-10-07 13:00:00
TMS-DH-1501,Delhi-Howrah,NCR-ER,BZA-MAS,261.86,Track Creep,MEDIUM,27.9,1.5,2026-10-01 12:00:00
TMS-MC-1502,Mumbai-Chennai,CR-SCR,DDU-ASN,718.61,Ballast Pounding,MEDIUM,21.7,2.0,2026-10-01 21:00:00
TMS-MC-1503,Mumbai-Chennai,CR-SCR,KOTA-RMA,1019.0,Track Creep,MEDIUM,20.7,2.0,2026-10-04 12:00:00
TMS-DH-1504,Delhi-Howrah,NCR-ER,HWH-KGP,919.28,Track Creep,MEDIUM,30.5,1.5,2026-10-06 07:00:00
TMS-DM-1505,Delhi-Mumbai,NWR-WR,CNB-PRYJ,162.86,Ballast Pounding,HIGH,44.8,2.0,2026-10-07 09:00:00
TMS-MC-1506,Mumbai-Chennai,CR-SCR,SUR-PUNE,1053.34,Weld Fracture,CRITICAL,23.7,3.5,2026-10-07 13:00:00
TMS-DH-1507,Delhi-Howrah,NCR-ER,DDU-ASN,413.59,Ballast Pounding,MEDIUM,31.1,2.0,2026-10-06 00:00:00
TMS-MC-1508,Mumbai-Chennai,CR-SCR,HWH-KGP,76.87,Ballast Pounding,MEDIUM,23.0,1.5,2026-10-06 12:00:00
TMS-DM-1509,Delhi-Mumbai,NWR-WR,NDLS-MTJ,1216.14,Sun Kink/Track Buckling,CRITICAL,41.9,3.5,2026-10-07 18:00:00
TMS-DH-1510,Delhi-Howrah,NCR-ER,MTJ-KOTA,568.27,Track Creep,HIGH,29.8,2.0,2026-10-06 09:00:00
TMS-DH-1511,Delhi-Howrah,NCR-ER,DDU-ASN,1228.34,Weld Fracture,CRITICAL,29.5,3.5,2026-10-06 21:00:00
TMS-HC-1512,Howrah-Chennai,ECoR-SR,DDU-ASN,549.65,Sun Kink/Track Buckling,CRITICAL,35.6,3.5,2026-10-07 10:00:00
TMS-DM-1513,Delhi-Mumbai,NWR-WR,SUR-PUNE,1190.0,Sun Kink/Track Buckling,CRITICAL,39.6,3.5,2026-10-03 20:00:00
TMS-DM-1514,Delhi-Mumbai,NWR-WR,BZA-MAS,961.87,Ballast Pounding,HIGH,43.4,2.0,2026-10-04 05:00:00
TMS-HC-1515,Howrah-Chennai,ECoR-SR,MTJ-KOTA,380.83,Track Creep,HIGH,35.1,2.0,2026-10-02 04:00:00
TMS-DH-1516,Delhi-Howrah,NCR-ER,CNB-PRYJ,98.15,Track Creep,HIGH,28.4,1.5,2026-10-07 10:00:00
TMS-MC-1517,Mumbai-Chennai,CR-SCR,KOTA-RMA,846.57,Weld Fracture,CRITICAL,21.5,3.5,2026-10-02 16:00:00
TMS-DH-1518,Delhi-Howrah,NCR-ER,NDLS-MTJ,876.95,Ballast Pounding,HIGH,29.2,2.0,2026-10-05 10:00:00
TMS-HC-1519,Howrah-Chennai,ECoR-SR,SUR-PUNE,589.32,Track Creep,MEDIUM,34.9,2.5,2026-10-03 17:00:00
TMS-DH-1520,Delhi-Howrah,NCR-ER,RMA-BRC,914.47,Ballast Pounding,HIGH,29.7,2.0,2026-10-02 10:00:00
TMS-DM-1521,Delhi-Mumbai,NWR-WR,RMA-BRC,1217.78,Sun Kink/Track Buckling,CRITICAL,42.5,3.5,2026-10-04 17:00:00
TMS-DM-1522,Delhi-Mumbai,NWR-WR,BZA-MAS,1093.34,Sun Kink/Track Buckling,CRITICAL,40.5,3.5,2026-10-02 14:00:00
TMS-DH-1523,Delhi-Howrah,NCR-ER,CNB-PRYJ,431.89,Ballast Pounding,HIGH,30.9,1.5,2026-10-04 19:00:00
TMS-HC-1524,Howrah-Chennai,ECoR-SR,BZA-MAS,575.52,Ballast Pounding,MEDIUM,37.0,2.5,2026-10-05 02:00:00
TMS-DM-1525,Delhi-Mumbai,NWR-WR,BZA-MAS,322.21,Weld Fracture,CRITICAL,43.4,3.5,2026-10-02 21:00:00
TMS-DM-1526,Delhi-Mumbai,NWR-WR,NDLS-MTJ,286.58,Track Creep,HIGH,41.0,2.5,2026-10-02 16:00:00
TMS-MC-1527,Mumbai-Chennai,CR-SCR,MTJ-KOTA,955.23,Weld Fracture,CRITICAL,23.3,3.5,2026-10-04 09:00:00
TMS-MC-1528,Mumbai-Chennai,CR-SCR,DDU-ASN,1091.65,Sun Kink/Track Buckling,CRITICAL,24.4,3.5,2026-10-02 01:00:00
TMS-MC-1529,Mumbai-Chennai,CR-SCR,SUR-PUNE,672.56,Ballast Pounding,HIGH,21.4,1.5,2026-10-05 01:00:00
TMS-DH-1530,Delhi-Howrah,NCR-ER,SUR-PUNE,561.47,Weld Fracture,CRITICAL,27.1,3.5,2026-10-05 17:00:00
TMS-DM-1531,Delhi-Mumbai,NWR-WR,NDLS-MTJ,1165.0,Sun Kink/Track Buckling,CRITICAL,43.2,3.5,2026-10-03 14:00:00
TMS-HC-1532,Howrah-Chennai,ECoR-SR,SUR-PUNE,330.41,Weld Fracture,CRITICAL,35.4,3.5,2026-10-08 02:00:00
TMS-DH-1533,Delhi-Howrah,NCR-ER,MTJ-KOTA,655.1,Track Creep,MEDIUM,30.3,1.5,2026-10-01 10:00:00
TMS-DH-1534,Delhi-Howrah,NCR-ER,CNB-PRYJ,46.52,Weld Fracture,CRITICAL,27.2,3.5,2026-10-06 15:00:00
TMS-HC-1535,Howrah-Chennai,ECoR-SR,CNB-PRYJ,215.75,Track Creep,HIGH,32.4,2.0,2026-10-06 19:00:00
TMS-DM-1536,Delhi-Mumbai,NWR-WR,BRC-MMCT,973.34,Sun Kink/Track Buckling,CRITICAL,43.5,3.5,2026-10-03 05:00:00
TMS-MC-1537,Mumbai-Chennai,CR-SCR,RMA-BRC,383.05,Weld Fracture,CRITICAL,21.7,3.5,2026-10-02 09:00:00
TMS-MC-1538,Mumbai-Chennai,CR-SCR,SUR-PUNE,1078.84,Track Creep,HIGH,24.3,2.0,2026-10-03 13:00:00
TMS-DH-1539,Delhi-Howrah,NCR-ER,SUR-PUNE,491.84,Ballast Pounding,MEDIUM,27.5,2.0,2026-10-04 14:00:00
TMS-DM-1540,Delhi-Mumbai,NWR-WR,BZA-MAS,110.16,Sun Kink/Track Buckling,CRITICAL,44.1,3.5,2026-10-02 21:00:00
TMS-DH-1541,Delhi-Howrah,NCR-ER,BRC-MMCT,883.25,Weld Fracture,CRITICAL,30.6,3.5,2026-10-07 20:00:00
TMS-DM-1542,Delhi-Mumbai,NWR-WR,BZA-MAS,216.87,Sun Kink/Track Buckling,CRITICAL,43.2,3.5,2026-10-07 03:00:00
TMS-MC-1543,Mumbai-Chennai,CR-SCR,NDLS-MTJ,965.41,Track Creep,HIGH,24.7,1.5,2026-10-06 20:00:00
TMS-MC-1544,Mumbai-Chennai,CR-SCR,CNB-PRYJ,708.37,Weld Fracture,CRITICAL,21.9,3.5,2026-10-06 12:00:00
TMS-HC-1545,Howrah-Chennai,ECoR-SR,KOTA-RMA,296.85,Track Creep,MEDIUM,34.4,1.5,2026-10-02 10:00:00
TMS-HC-1546,Howrah-Chennai,ECoR-SR,DDU-ASN,324.41,Weld Fracture,CRITICAL,33.0,3.5,2026-10-06 04:00:00
TMS-HC-1547,Howrah-Chennai,ECoR-SR,BZA-MAS,546.35,Track Creep,HIGH,33.9,2.5,2026-10-02 01:00:00
TMS-HC-1548,Howrah-Chennai,ECoR-SR,MTJ-KOTA,432.54,Track Creep,MEDIUM,34.5,1.5,2026-10-06 15:00:00
TMS-DH-1549,Delhi-Howrah,NCR-ER,NDLS-MTJ,649.46,Sun Kink/Track Buckling,CRITICAL,31.1,3.5,2026-10-02 21:00:00
TMS-MC-1550,Mumbai-Chennai,CR-SCR,SUR-PUNE,1165.42,Ballast Pounding,HIGH,21.1,1.5,2026-10-03 07:00:00
TMS-HC-1551,Howrah-Chennai,ECoR-SR,NDLS-MTJ,798.62,Weld Fracture,CRITICAL,36.2,3.5,2026-10-06 17:00:00
TMS-HC-1552,Howrah-Chennai,ECoR-SR,BZA-MAS,953.4,Ballast Pounding,HIGH,35.3,2.0,2026-10-03 14:00:00
TMS-DM-1553,Delhi-Mumbai,NWR-WR,CNB-PRYJ,1097.89,Weld Fracture,CRITICAL,42.2,3.5,2026-10-06 04:00:00
TMS-DM-1554,Delhi-Mumbai,NWR-WR,KOTA-RMA,1068.57,Weld Fracture,CRITICAL,41.7,3.5,2026-10-01 21:00:00
TMS-HC-1555,Howrah-Chennai,ECoR-SR,BZA-MAS,1046.56,Sun Kink/Track Buckling,CRITICAL,36.5,3.5,2026-10-03 06:00:00
TMS-DH-1556,Delhi-Howrah,NCR-ER,CNB-PRYJ,628.25,Sun Kink/Track Buckling,CRITICAL,27.0,3.5,2026-10-05 14:00:00
TMS-MC-1557,Mumbai-Chennai,CR-SCR,MTJ-KOTA,494.35,Ballast Pounding,HIGH,24.4,2.5,2026-10-04 13:00:00
TMS-MC-1558,Mumbai-Chennai,CR-SCR,KOTA-RMA,100.3,Ballast Pounding,HIGH,24.0,2.0,2026-10-02 22:00:00
TMS-HC-1559,Howrah-Chennai,ECoR-SR,SUR-PUNE,461.43,Track Creep,HIGH,36.6,2.0,2026-10-07 20:00:00
TMS-HC-1560,Howrah-Chennai,ECoR-SR,MTJ-KOTA,1006.92,Ballast Pounding,MEDIUM,34.5,2.0,2026-10-07 15:00:00
TMS-MC-1561,Mumbai-Chennai,CR-SCR,DDU-ASN,883.94,Track Creep,HIGH,24.2,2.0,2026-10-05 09:00:00
TMS-DM-1562,Delhi-Mumbai,NWR-WR,DDU-ASN,864.6,Sun Kink/Track Buckling,CRITICAL,41.4,3.5,2026-10-06 20:00:00
TMS-DM-1563,Delhi-Mumbai,NWR-WR,DDU-ASN,790.98,Sun Kink/Track Buckling,CRITICAL,41.9,3.5,2026-10-05 00:00:00
TMS-MC-1564,Mumbai-Chennai,CR-SCR,SUR-PUNE,545.31,Ballast Pounding,HIGH,23.9,2.0,2026-10-01 22:00:00
TMS-MC-1565,Mumbai-Chennai,CR-SCR,MTJ-KOTA,558.06,Track Creep,HIGH,25.0,2.0,2026-10-03 02:00:00
TMS-HC-1566,Howrah-Chennai,ECoR-SR,NDLS-MTJ,764.22,Weld Fracture,CRITICAL,32.2,3.5,2026-10-06 01:00:00
TMS-DH-1567,Delhi-Howrah,NCR-ER,NDLS-MTJ,360.81,Weld Fracture,CRITICAL,29.8,3.5,2026-10-08 04:00:00
TMS-HC-1568,Howrah-Chennai,ECoR-SR,BRC-MMCT,906.09,Track Creep,HIGH,32.7,1.5,2026-10-05 10:00:00
TMS-HC-1569,Howrah-Chennai,ECoR-SR,DDU-ASN,1012.06,Weld Fracture,CRITICAL,36.0,3.5,2026-10-02 05:00:00
TMS-HC-1570,Howrah-Chennai,ECoR-SR,RMA-BRC,1008.02,Weld Fracture,CRITICAL,35.6,3.5,2026-10-07 23:00:00
TMS-MC-1571,Mumbai-Chennai,CR-SCR,BRC-MMCT,344.85,Weld Fracture,CRITICAL,20.2,3.5,2026-10-07 11:00:00
TMS-MC-1572,Mumbai-Chennai,CR-SCR,BRC-MMCT,822.75,Weld Fracture,CRITICAL,24.7,3.5,2026-10-06 20:00:00
TMS-DM-1573,Delhi-Mumbai,NWR-WR,DDU-ASN,1295.04,Ballast Pounding,MEDIUM,44.0,2.0,2026-10-01 08:00:00
TMS-MC-1574,Mumbai-Chennai,CR-SCR,CNB-PRYJ,921.82,Weld Fracture,CRITICAL,25.3,3.5,2026-10-02 09:00:00
TMS-MC-1575,Mumbai-Chennai,CR-SCR,SUR-PUNE,17.38,Ballast Pounding,MEDIUM,22.6,2.5,2026-10-05 05:00:00
TMS-HC-1576,Howrah-Chennai,ECoR-SR,NDLS-MTJ,1249.9,Weld Fracture,CRITICAL,36.4,3.5,2026-10-07 11:00:00
TMS-HC-1577,Howrah-Chennai,ECoR-SR,BRC-MMCT,309.3,Weld Fracture,CRITICAL,31.6,3.5,2026-10-07 14:00:00
TMS-DH-1578,Delhi-Howrah,NCR-ER,SUR-PUNE,736.78,Track Creep,HIGH,29.4,1.5,2026-10-04 19:00:00
TMS-DM-1579,Delhi-Mumbai,NWR-WR,BZA-MAS,99.43,Weld Fracture,CRITICAL,43.0,3.5,2026-10-02 01:00:00
TMS-HC-1580,Howrah-Chennai,ECoR-SR,KOTA-RMA,1130.25,Track Creep,HIGH,33.6,2.0,2026-10-02 10:00:00
TMS-DM-1581,Delhi-Mumbai,NWR-WR,BRC-MMCT,1294.36,Weld Fracture,CRITICAL,44.9,3.5,2026-10-06 18:00:00
TMS-DH-1582,Delhi-Howrah,NCR-ER,MTJ-KOTA,477.54,Ballast Pounding,MEDIUM,30.8,2.0,2026-10-06 06:00:00
TMS-HC-1583,Howrah-Chennai,ECoR-SR,BZA-MAS,846.74,Ballast Pounding,MEDIUM,33.0,1.5,2026-10-04 17:00:00
TMS-DM-1584,Delhi-Mumbai,NWR-WR,RMA-BRC,543.84,Weld Fracture,CRITICAL,40.6,3.5,2026-10-07 12:00:00
TMS-DH-1585,Delhi-Howrah,NCR-ER,MTJ-KOTA,34.7,Track Creep,HIGH,30.3,2.5,2026-10-06 05:00:00
TMS-HC-1586,Howrah-Chennai,ECoR-SR,CNB-PRYJ,701.36,Track Creep,MEDIUM,34.2,2.5,2026-10-05 04:00:00
TMS-DM-1587,Delhi-Mumbai,NWR-WR,BRC-MMCT,1085.59,Sun Kink/Track Buckling,CRITICAL,43.0,3.5,2026-10-02 08:00:00
TMS-HC-1588,Howrah-Chennai,ECoR-SR,HWH-KGP,95.82,Track Creep,HIGH,32.8,1.5,2026-10-06 14:00:00
TMS-MC-1589,Mumbai-Chennai,CR-SCR,DDU-ASN,657.03,Ballast Pounding,MEDIUM,25.4,2.0,2026-10-07 17:00:00
TMS-DM-1590,Delhi-Mumbai,NWR-WR,KOTA-RMA,48.73,Track Creep,MEDIUM,44.4,1.5,2026-10-06 05:00:00
TMS-DM-1591,Delhi-Mumbai,NWR-WR,BRC-MMCT,90.49,Weld Fracture,CRITICAL,41.3,3.5,2026-10-03 11:00:00
TMS-HC-1592,Howrah-Chennai,ECoR-SR,NDLS-MTJ,1109.79,Weld Fracture,CRITICAL,36.7,3.5,2026-10-07 09:00:00
TMS-DH-1593,Delhi-Howrah,NCR-ER,MTJ-KOTA,546.92,Weld Fracture,CRITICAL,26.9,3.5,2026-10-02 02:00:00
TMS-DH-1594,Delhi-Howrah,NCR-ER,SUR-PUNE,106.52,Weld Fracture,CRITICAL,28.4,3.5,2026-10-04 18:00:00
TMS-HC-1595,Howrah-Chennai,ECoR-SR,HWH-KGP,210.69,Ballast Pounding,HIGH,32.6,1.5,2026-10-06 22:00:00
TMS-DM-1596,Delhi-Mumbai,NWR-WR,SUR-PUNE,340.84,Sun Kink/Track Buckling,CRITICAL,41.5,3.5,2026-10-06 11:00:00
TMS-DM-1597,Delhi-Mumbai,NWR-WR,BRC-MMCT,229.45,Sun Kink/Track Buckling,CRITICAL,44.4,3.5,2026-10-04 16:00:00
TMS-MC-1598,Mumbai-Chennai,CR-SCR,HWH-KGP,209.85,Sun Kink/Track Buckling,CRITICAL,20.5,3.5,2026-10-06 16:00:00
TMS-HC-1599,Howrah-Chennai,ECoR-SR,BRC-MMCT,627.26,Weld Fracture,CRITICAL,35.8,3.5,2026-10-06 14:00:00
TMS-DH-1600,Delhi-Howrah,NCR-ER,DDU-ASN,116.13,Weld Fracture,CRITICAL,28.5,3.5,2026-10-03 15:00:00
